{"project_name": "Project_Promotion", "class_id": "com-snaplogic-export-project", "entries": [{"link_serial": 206, "scrub_version": "48f99abcdf450e7c49a04015355fb699f785e8cbf8288d894686a64c6caeddd1", "update_user_id": "bkukadia@snaplogic.com", "class_fqid": "com-snaplogic-pipeline_8", "class_version": 8, "snode_id": "58ac4c5a49eb06346a3ce959", "org_snode_id": "5592aed995315c0d2e1aaeeb", "migrate_version": "mrc291", "create_user_id": "bkukadia@snaplogic.com", "project_snode_id": "58ac4c59a87b6d32f3dae248", "property_map": {"info": {"notes": {"value": null}, "author": {"value": "bkukadia@snaplogic.com"}, "purpose": {"value": null}, "pipeline_doc_uri": {"value": null}, "label": {"value": "04 Upsert Task"}}, "output": {"5019f26d-5f83-4ec7-be6b-80675856c438_output0": {"label": {"value": "Union - output0"}, "view_type": {"value": "document"}}}, "error": {"error_behavior": {"value": "none"}}, "input": {}, "settings": {"param_table": {"value": [{"capture": {"value": false}, "value": {"value": "/ConnectFasterInc/BK/DEV"}, "key": {"value": "source_proj"}}, {"capture": {"value": false}, "value": {"value": "/ConnectFasterInc/BK/PROD"}, "key": {"value": "target_proj"}}, {"capture": {"value": false}, "value": {"value": "true"}, "key": {"value": "update_task"}}]}}}, "instance_version": 1, "instance_fqid": "3bcbc2a4-496c-4a4e-89ac-c45c5a0ce113_1", "link_map": {"link186": {"src_view_id": "output101", "dst_view_id": "input0", "src_id": "12949ad9-9602-4d5b-bdb8-7e7b68525ea1", "dst_id": "5019f26d-5f83-4ec7-be6b-80675856c438"}, "link187": {"src_view_id": "output101", "dst_view_id": "input1", "src_id": "4ccf3d63-3643-4093-a3a4-bd50e4ade654", "dst_id": "5019f26d-5f83-4ec7-be6b-80675856c438"}, "link185": {"src_view_id": "output101", "dst_view_id": "input101", "src_id": "0d53376b-b620-4075-b539-63cfa6a7a149", "dst_id": "5019f26d-5f83-4ec7-be6b-80675856c438"}, "link173": {"src_view_id": "output0", "dst_view_id": "input0", "src_id": "c9ac4528-1cb7-4eee-a5e9-7c437b79a3f0", "dst_id": "0d53376b-b620-4075-b539-63cfa6a7a149"}, "link172": {"src_view_id": "output0", "dst_view_id": "input101", "src_id": "0d53376b-b620-4075-b539-63cfa6a7a149", "dst_id": "78dc9924-e08a-4ba8-82bd-c30a58cc4ca0"}, "link171": {"src_view_id": "output1", "dst_view_id": "input101", "src_id": "0d53376b-b620-4075-b539-63cfa6a7a149", "dst_id": "f026488b-f188-4bfd-843d-011ca6ac100c"}, "link165": {"src_view_id": "output0", "dst_view_id": "input1", "src_id": "5fa2c4b1-e469-4269-9d46-1dcc104fd0bf", "dst_id": "c9ac4528-1cb7-4eee-a5e9-7c437b79a3f0"}, "link188": {"src_view_id": "output0", "dst_view_id": "input0", "src_id": "797e0eb8-f5b9-4aab-a237-d92b6d139fcc", "dst_id": "5983c4be-a7af-4ce4-b5d5-c7eb746cf813"}, "link189": {"src_view_id": "output0", "dst_view_id": "input0", "src_id": "fd23619e-99d2-4e33-99c7-3d288de4612f", "dst_id": "3d0aaa2c-ae46-4cad-9596-7eef45bc858e"}, "link205": {"src_view_id": "output1", "dst_view_id": "input1", "src_id": "7187e9bf-b308-4f61-bcd3-8ebd6ffe3f49", "dst_id": "aec82be8-1fd3-4321-ab26-3acbbd1403bc"}, "link204": {"src_view_id": "output0", "dst_view_id": "input1", "src_id": "7187e9bf-b308-4f61-bcd3-8ebd6ffe3f49", "dst_id": "989ee154-8294-4a46-abdb-77cb28ea4ae2"}, "link201": {"src_view_id": "output0", "dst_view_id": "input0", "src_id": "649c6ea3-0e12-4e51-80fa-2888e726ca4d", "dst_id": "4ccf3d63-3643-4093-a3a4-bd50e4ade654"}, "link166": {"src_view_id": "output0", "dst_view_id": "input0", "src_id": "b296bbc9-b67d-4ff4-82c8-c5b99d96271f", "dst_id": "c9ac4528-1cb7-4eee-a5e9-7c437b79a3f0"}, "link203": {"src_view_id": "output0", "dst_view_id": "input0", "src_id": "78dc9924-e08a-4ba8-82bd-c30a58cc4ca0", "dst_id": "989ee154-8294-4a46-abdb-77cb28ea4ae2"}, "link202": {"src_view_id": "output0", "dst_view_id": "input0", "src_id": "aec82be8-1fd3-4321-ab26-3acbbd1403bc", "dst_id": "649c6ea3-0e12-4e51-80fa-2888e726ca4d"}, "link191": {"src_view_id": "output0", "dst_view_id": "input1", "src_id": "3d0aaa2c-ae46-4cad-9596-7eef45bc858e", "dst_id": "3b0860a8-e9e3-45ba-a058-e87763caf6de"}, "link190": {"src_view_id": "output0", "dst_view_id": "input0", "src_id": "5983c4be-a7af-4ce4-b5d5-c7eb746cf813", "dst_id": "3b0860a8-e9e3-45ba-a058-e87763caf6de"}, "link193": {"src_view_id": "output0", "dst_view_id": "input0", "src_id": "3b0860a8-e9e3-45ba-a058-e87763caf6de", "dst_id": "7187e9bf-b308-4f61-bcd3-8ebd6ffe3f49"}, "link195": {"src_view_id": "output0", "dst_view_id": "input0", "src_id": "989ee154-8294-4a46-abdb-77cb28ea4ae2", "dst_id": "c2bd4969-74c3-407a-93b0-68f1976b815e"}, "link197": {"src_view_id": "output0", "dst_view_id": "input0", "src_id": "f026488b-f188-4bfd-843d-011ca6ac100c", "dst_id": "aec82be8-1fd3-4321-ab26-3acbbd1403bc"}, "link196": {"src_view_id": "output0", "dst_view_id": "input0", "src_id": "c2bd4969-74c3-407a-93b0-68f1976b815e", "dst_id": "12949ad9-9602-4d5b-bdb8-7e7b68525ea1"}}, "update_time": {"$date": 1487686746716}, "phase_snode_id": null, "partition_snode_id": "58ac4bb549eb0632bbf2d2a3", "path_id": "/ConnectFasterInc/Github_Jenkins_Integration/Project_Promotion", "snap_map": {"5019f26d-5f83-4ec7-be6b-80675856c438": {"instance_id": "5019f26d-5f83-4ec7-be6b-80675856c438", "class_id": "com-snaplogic-snaps-flow-union", "class_build_tag": "snapsmrc344", "class_fqid": "com-snaplogic-snaps-flow-union_2-snapsmrc344", "instance_version": 1, "property_map": {"info": {"notes": {"value": null}, "label": {"value": "Union"}}, "view_serial": 101, "input": {"input0": {"view_type": {"value": "document"}, "label": {"value": "input0"}}, "input1": {"view_type": {"value": "document"}, "label": {"value": "input1"}}, "input101": {"label": {"value": "input2"}, "view_type": {"value": "document"}}}, "settings": {}, "error": {"error0": {"view_type": {"value": "document"}, "label": {"value": "error0"}}, "error_behavior": {"value": "fail"}}, "output": {"output0": {"view_type": {"value": "document"}, "label": {"value": "output0"}}}}, "class_version": 2, "instance_fqid": "5019f26d-5f83-4ec7-be6b-80675856c438_1"}, "4ccf3d63-3643-4093-a3a4-bd50e4ade654": {"instance_version": 1, "class_id": "com-snaplogic-snaps-snaplogic-update", "class_build_tag": "snapsmrc344", "class_fqid": "com-snaplogic-snaps-snaplogic-update_1-snapsmrc344", "instance_id": "4ccf3d63-3643-4093-a3a4-bd50e4ade654", "property_map": {"info": {"notes": {"value": null}, "label": {"value": "Update Target Tasks"}}, "view_serial": 101, "input": {"input0": {"view_type": {"value": "document"}, "label": {"value": "input0"}}}, "settings": {"AssetType": {"value": "TASK"}, "AssetPath": {"expression": true, "value": "_target_proj + '/' + $job_name"}, "executable_during_suggest": {"value": true}}, "error": {"error0": {"view_type": {"value": "document"}, "label": {"value": "error0"}}, "error_behavior": {"value": "fail"}}, "output": {"output101": {"label": {"value": "output0"}, "view_type": {"value": "document"}}}}, "class_version": 1, "instance_fqid": "4ccf3d63-3643-4093-a3a4-bd50e4ade654_1"}, "78dc9924-e08a-4ba8-82bd-c30a58cc4ca0": {"instance_version": 1, "class_id": "com-snaplogic-snaps-snaplogic-read", "class_build_tag": "snapsmrc344", "class_fqid": "com-snaplogic-snaps-snaplogic-read_1-snapsmrc344", "instance_id": "78dc9924-e08a-4ba8-82bd-c30a58cc4ca0", "property_map": {"info": {"notes": {"value": null}, "label": {"value": "Read New Tasks"}}, "view_serial": 101, "input": {"input101": {"view_type": {"value": "document"}, "label": {"value": "input0"}}}, "settings": {"AssetType": {"value": "TASK"}, "AssetPath": {"expression": true, "value": "$path"}}, "error": {"error0": {"label": {"value": "error0"}, "view_type": {"value": "document"}}, "error_behavior": {"value": "fail"}}, "output": {"output0": {"label": {"value": "output0"}, "view_type": {"value": "document"}}}}, "class_version": 1, "instance_fqid": "78dc9924-e08a-4ba8-82bd-c30a58cc4ca0_1"}, "649c6ea3-0e12-4e51-80fa-2888e726ca4d": {"instance_version": 1, "class_id": "com-snaplogic-snaps-transform-datatransform", "class_build_tag": "snapsmrc344", "class_fqid": "com-snaplogic-snaps-transform-datatransform_4-snapsmrc344", "instance_id": "649c6ea3-0e12-4e51-80fa-2888e726ca4d", "property_map": {"info": {"notes": {"value": null}, "label": {"value": "Assign new pipe Id"}}, "view_serial": 100, "input": {"input0": {"label": {"value": "input0"}, "view_type": {"value": "document"}}}, "settings": {"nullSafeAccess": {"value": false}, "passThrough": {"value": true}, "transformations": {"value": {"mappingTable": {"value": [{"expression": {"expression": true, "value": "$new_snode_id ? $new_snode_id : $parameters.pipeline_snode_id"}, "targetPath": {"value": "$parameters.pipeline_snode_id"}}]}, "mappingRoot": {"value": "$"}}}}, "error": {"error0": {"label": {"value": "error0"}, "view_type": {"value": "document"}}, "error_behavior": {"value": "fail"}}, "output": {"output0": {"label": {"value": "output0"}, "view_type": {"value": "document"}}}}, "class_version": 4, "instance_fqid": "649c6ea3-0e12-4e51-80fa-2888e726ca4d_1"}, "fd23619e-99d2-4e33-99c7-3d288de4612f": {"instance_id": "fd23619e-99d2-4e33-99c7-3d288de4612f", "class_id": "com-snaplogic-snaps-snaplogic-list", "class_build_tag": "snapsmrc344", "class_fqid": "com-snaplogic-snaps-snaplogic-list_1-snapsmrc344", "instance_version": 1, "property_map": {"info": {"notes": {"value": null}, "label": {"value": "List Target Pipeline"}}, "view_serial": 101, "settings": {"AssetType": {"value": "PIPELINE"}, "AssetPath": {"expression": true, "value": "_target_proj"}}, "output": {"output0": {"view_type": {"value": "document"}, "label": {"value": "output0"}}}, "error": {"error0": {"view_type": {"value": "document"}, "label": {"value": "error0"}}, "error_behavior": {"value": "fail"}}}, "class_version": 1, "instance_fqid": "fd23619e-99d2-4e33-99c7-3d288de4612f_1"}, "797e0eb8-f5b9-4aab-a237-d92b6d139fcc": {"instance_id": "797e0eb8-f5b9-4aab-a237-d92b6d139fcc", "class_id": "com-snaplogic-snaps-snaplogic-list", "class_build_tag": "snapsmrc344", "class_fqid": "com-snaplogic-snaps-snaplogic-list_1-snapsmrc344", "instance_version": 1, "property_map": {"info": {"notes": {"value": null}, "label": {"value": "List Source Pipeline"}}, "view_serial": 101, "error": {"error0": {"label": {"value": "error0"}, "view_type": {"value": "document"}}, "error_behavior": {"value": "fail"}}, "output": {"output0": {"label": {"value": "output0"}, "view_type": {"value": "document"}}}, "settings": {"AssetType": {"value": "PIPELINE"}, "AssetPath": {"expression": true, "value": "_source_proj"}}}, "class_version": 1, "instance_fqid": "797e0eb8-f5b9-4aab-a237-d92b6d139fcc_1"}, "c2bd4969-74c3-407a-93b0-68f1976b815e": {"instance_version": 1, "class_id": "com-snaplogic-snaps-transform-datatransform", "class_build_tag": "snapsmrc344", "class_fqid": "com-snaplogic-snaps-transform-datatransform_4-snapsmrc344", "instance_id": "c2bd4969-74c3-407a-93b0-68f1976b815e", "property_map": {"info": {"notes": {"value": null}, "label": {"value": "Assign new pipe Id"}}, "view_serial": 100, "input": {"input0": {"view_type": {"value": "document"}, "label": {"value": "input0"}}}, "settings": {"nullSafeAccess": {"value": false}, "passThrough": {"value": true}, "transformations": {"value": {"mappingTable": {"value": [{"targetPath": {"value": "$parameters.pipeline_snode_id"}, "expression": {"expression": true, "value": "$new_snode_id ? $new_snode_id : $parameters.pipeline_snode_id"}}]}, "mappingRoot": {"value": "$"}}}}, "error": {"error0": {"view_type": {"value": "document"}, "label": {"value": "error0"}}, "error_behavior": {"value": "fail"}}, "output": {"output0": {"view_type": {"value": "document"}, "label": {"value": "output0"}}}}, "class_version": 4, "instance_fqid": "c2bd4969-74c3-407a-93b0-68f1976b815e_1"}, "3d0aaa2c-ae46-4cad-9596-7eef45bc858e": {"instance_id": "3d0aaa2c-ae46-4cad-9596-7eef45bc858e", "class_id": "com-snaplogic-snaps-transform-datatransform", "class_build_tag": "snapsmrc344", "class_fqid": "com-snaplogic-snaps-transform-datatransform_4-snapsmrc344", "instance_version": 1, "property_map": {"info": {"notes": {"value": null}, "label": {"value": "Drop fields"}}, "view_serial": 100, "input": {"input0": {"view_type": {"value": "document"}, "label": {"value": "input0"}}}, "settings": {"nullSafeAccess": {"value": false}, "passThrough": {"value": false}, "transformations": {"value": {"mappingTable": {"value": [{"expression": {"expression": true, "value": "$snode_id"}, "targetPath": {"value": "$new_snode_id"}}, {"expression": {"expression": true, "value": "$name"}, "targetPath": {"value": "$new_pipe_name"}}]}, "mappingRoot": {"value": "$"}}}}, "error": {"error0": {"view_type": {"value": "document"}, "label": {"value": "error0"}}, "error_behavior": {"value": "fail"}}, "output": {"output0": {"view_type": {"value": "document"}, "label": {"value": "output0"}}}}, "class_version": 4, "instance_fqid": "3d0aaa2c-ae46-4cad-9596-7eef45bc858e_1"}, "f026488b-f188-4bfd-843d-011ca6ac100c": {"instance_version": 1, "class_id": "com-snaplogic-snaps-snaplogic-read", "class_build_tag": "snapsmrc344", "class_fqid": "com-snaplogic-snaps-snaplogic-read_1-snapsmrc344", "instance_id": "f026488b-f188-4bfd-843d-011ca6ac100c", "property_map": {"info": {"notes": {"value": null}, "label": {"value": "Read Existing Tasks"}}, "view_serial": 101, "input": {"input101": {"label": {"value": "input0"}, "view_type": {"value": "document"}}}, "settings": {"AssetType": {"value": "TASK"}, "AssetPath": {"expression": true, "value": "$path"}}, "error": {"error0": {"view_type": {"value": "document"}, "label": {"value": "error0"}}, "error_behavior": {"value": "fail"}}, "output": {"output0": {"view_type": {"value": "document"}, "label": {"value": "output0"}}}}, "class_version": 1, "instance_fqid": "f026488b-f188-4bfd-843d-011ca6ac100c_1"}, "7187e9bf-b308-4f61-bcd3-8ebd6ffe3f49": {"instance_version": 1, "class_id": "com-snaplogic-snaps-flow-copy", "class_build_tag": "snapsmrc344", "class_fqid": "com-snaplogic-snaps-flow-copy_1-snapsmrc344", "instance_id": "7187e9bf-b308-4f61-bcd3-8ebd6ffe3f49", "property_map": {"info": {"label": {"value": "Copy"}}, "view_serial": 100, "input": {"input0": {"label": {"value": "input0"}, "view_type": {"value": "document"}}}, "settings": {}, "error": {"error0": {"label": {"value": "error0"}, "view_type": {"value": "document"}}, "error_behavior": {"value": "fail"}}, "output": {"output0": {"label": {"value": "output0"}, "view_type": {"value": "document"}}, "output1": {"label": {"value": "output1"}, "view_type": {"value": "document"}}}}, "class_version": 1, "instance_fqid": "7187e9bf-b308-4f61-bcd3-8ebd6ffe3f49_1"}, "b296bbc9-b67d-4ff4-82c8-c5b99d96271f": {"instance_version": 1, "class_id": "com-snaplogic-snaps-snaplogic-list", "class_build_tag": "snapsmrc344", "class_fqid": "com-snaplogic-snaps-snaplogic-list_1-snapsmrc344", "instance_id": "b296bbc9-b67d-4ff4-82c8-c5b99d96271f", "property_map": {"info": {"notes": {"value": null}, "label": {"value": "List Source Tasks"}}, "view_serial": 101, "input": {}, "settings": {"AssetType": {"value": "TASK"}, "AssetPath": {"expression": true, "value": "_source_proj"}}, "error": {"error0": {"label": {"value": "error0"}, "view_type": {"value": "document"}}, "error_behavior": {"value": "fail"}}, "output": {"output0": {"label": {"value": "output0"}, "view_type": {"value": "document"}}}}, "class_version": 1, "instance_fqid": "b296bbc9-b67d-4ff4-82c8-c5b99d96271f_1"}, "0d53376b-b620-4075-b539-63cfa6a7a149": {"instance_version": 1, "class_id": "com-snaplogic-snaps-flow-router", "class_build_tag": "snapsmrc344", "class_fqid": "com-snaplogic-snaps-flow-router_2-snapsmrc344", "instance_id": "0d53376b-b620-4075-b539-63cfa6a7a149", "property_map": {"info": {"notes": {"value": null}, "label": {"value": "Router Tasks"}}, "view_serial": 101, "input": {"input0": {"view_type": {"value": "document"}, "label": {"value": "input0"}}}, "settings": {"routes": {"value": [{"expression": {"expression": true, "value": "$.hasOwnProperty('target_name') == false"}, "outputViewName": {"value": "Create"}}, {"expression": {"expression": true, "value": "$.hasOwnProperty('target_name') == true && _update_task.toLowerCase() == \"true\""}, "outputViewName": {"value": "Update"}}, {"expression": {"expression": true, "value": "$.hasOwnProperty('target_name') == true && _update_task.toLowerCase() == \"false\""}, "outputViewName": {"value": "Skip"}}]}, "firstMatch": {"value": true}}, "error": {"error0": {"view_type": {"value": "document"}, "label": {"value": "error0"}}, "error_behavior": {"value": "fail"}}, "output": {"output0": {"view_type": {"value": "document"}, "label": {"value": "Create"}}, "output1": {"view_type": {"value": "document"}, "label": {"value": "Update"}}, "output101": {"label": {"value": "Skip"}, "view_type": {"value": "document"}}}}, "class_version": 2, "instance_fqid": "0d53376b-b620-4075-b539-63cfa6a7a149_1"}, "5983c4be-a7af-4ce4-b5d5-c7eb746cf813": {"instance_version": 1, "class_id": "com-snaplogic-snaps-transform-datatransform", "class_build_tag": "snapsmrc344", "class_fqid": "com-snaplogic-snaps-transform-datatransform_4-snapsmrc344", "instance_id": "5983c4be-a7af-4ce4-b5d5-c7eb746cf813", "property_map": {"info": {"notes": {"value": null}, "label": {"value": "Drop fields"}}, "view_serial": 100, "input": {"input0": {"label": {"value": "input0"}, "view_type": {"value": "document"}}}, "settings": {"nullSafeAccess": {"value": false}, "passThrough": {"value": false}, "transformations": {"value": {"mappingTable": {"value": [{"targetPath": {"value": "$old_snode_id"}, "expression": {"expression": true, "value": "$snode_id"}}, {"targetPath": {"value": "$old_pipe_name"}, "expression": {"expression": true, "value": "$name"}}]}, "mappingRoot": {"value": "$"}}}}, "error": {"error0": {"label": {"value": "error0"}, "view_type": {"value": "document"}}, "error_behavior": {"value": "fail"}}, "output": {"output0": {"label": {"value": "output0"}, "view_type": {"value": "document"}}}}, "class_version": 4, "instance_fqid": "5983c4be-a7af-4ce4-b5d5-c7eb746cf813_1"}, "3b0860a8-e9e3-45ba-a058-e87763caf6de": {"instance_version": 1, "class_id": "com-snaplogic-snaps-transform-multijoin", "class_build_tag": "snapsmrc344", "class_fqid": "com-snaplogic-snaps-transform-multijoin_1-snapsmrc344", "instance_id": "3b0860a8-e9e3-45ba-a058-e87763caf6de", "property_map": {"info": {"notes": {"value": null}, "label": {"value": "Link pipe id by name"}}, "view_serial": 100, "input": {"input0": {"view_type": {"value": "document"}, "label": {"value": "input0"}}, "input1": {"view_type": {"value": "document"}, "label": {"value": "input1"}}}, "settings": {"joinType": {"value": "Left outer"}, "nullSafeAccess": {"value": true}, "noMatchData": {"value": false}, "joinPaths": {"value": [{"rightPath": {"expression": true, "value": "$new_pipe_name"}, "rightInputView": {"value": "input1"}, "leftPath": {"expression": true, "value": "$old_pipe_name"}}]}, "nullGreater": {"value": false}, "sortedStreams": {"value": "Unsorted"}}, "error": {"error0": {"view_type": {"value": "document"}, "label": {"value": "error0"}}, "error_behavior": {"value": "fail"}}, "output": {"output0": {"view_type": {"value": "document"}, "label": {"value": "output0"}}}}, "class_version": 1, "instance_fqid": "3b0860a8-e9e3-45ba-a058-e87763caf6de_1"}, "989ee154-8294-4a46-abdb-77cb28ea4ae2": {"instance_version": 1, "class_id": "com-snaplogic-snaps-transform-multijoin", "class_build_tag": "snapsmrc344", "class_fqid": "com-snaplogic-snaps-transform-multijoin_1-snapsmrc344", "instance_id": "989ee154-8294-4a46-abdb-77cb28ea4ae2", "property_map": {"info": {"notes": {"value": null}, "label": {"value": "Link new/old Pipe Id"}}, "view_serial": 100, "input": {"input0": {"label": {"value": "input0"}, "view_type": {"value": "document"}}, "input1": {"label": {"value": "input1"}, "view_type": {"value": "document"}}}, "settings": {"nullGreater": {"value": false}, "nullSafeAccess": {"value": true}, "noMatchData": {"value": false}, "joinPaths": {"value": [{"rightPath": {"expression": true, "value": "$old_snode_id"}, "rightInputView": {"value": "input1"}, "leftPath": {"expression": true, "value": "$parameters.pipeline_snode_id"}}]}, "joinType": {"value": "Left outer"}, "sortedStreams": {"value": "Unsorted"}}, "error": {"error0": {"label": {"value": "error0"}, "view_type": {"value": "document"}}, "error_behavior": {"value": "fail"}}, "output": {"output0": {"label": {"value": "output0"}, "view_type": {"value": "document"}}}}, "class_version": 1, "instance_fqid": "989ee154-8294-4a46-abdb-77cb28ea4ae2_1"}, "c9ac4528-1cb7-4eee-a5e9-7c437b79a3f0": {"instance_version": 1, "class_id": "com-snaplogic-snaps-transform-multijoin", "class_build_tag": "snapsmrc344", "class_fqid": "com-snaplogic-snaps-transform-multijoin_1-snapsmrc344", "instance_id": "c9ac4528-1cb7-4eee-a5e9-7c437b79a3f0", "property_map": {"info": {"notes": {"value": null}, "label": {"value": "Join"}}, "view_serial": 100, "input": {"input0": {"view_type": {"value": "document"}, "label": {"value": "source"}}, "input1": {"view_type": {"value": "document"}, "label": {"value": "target"}}}, "settings": {"joinType": {"value": "Left outer"}, "nullSafeAccess": {"value": false}, "noMatchData": {"value": false}, "joinPaths": {"value": [{"rightPath": {"expression": true, "value": "$name"}, "rightInputView": {"value": "target"}, "leftPath": {"expression": true, "value": "$name"}}]}, "nullGreater": {"value": false}, "sortedStreams": {"value": "Unsorted"}}, "error": {"error0": {"view_type": {"value": "document"}, "label": {"value": "error0"}}, "error_behavior": {"value": "fail"}}, "output": {"output0": {"view_type": {"value": "document"}, "label": {"value": "output0"}}}}, "class_version": 1, "instance_fqid": "c9ac4528-1cb7-4eee-a5e9-7c437b79a3f0_1"}, "5fa2c4b1-e469-4269-9d46-1dcc104fd0bf": {"instance_version": 1, "class_id": "com-snaplogic-snaps-snaplogic-list", "class_build_tag": "snapsmrc344", "class_fqid": "com-snaplogic-snaps-snaplogic-list_1-snapsmrc344", "instance_id": "5fa2c4b1-e469-4269-9d46-1dcc104fd0bf", "property_map": {"info": {"notes": {"value": null}, "label": {"value": "List Target Tasks"}}, "view_serial": 101, "input": {}, "settings": {"AssetType": {"value": "TASK"}, "AssetPath": {"expression": true, "value": "_target_proj"}}, "error": {"error0": {"label": {"value": "error0"}, "view_type": {"value": "document"}}, "error_behavior": {"value": "fail"}}, "output": {"output0": {"label": {"value": "output0"}, "view_type": {"value": "document"}}}}, "class_version": 1, "instance_fqid": "5fa2c4b1-e469-4269-9d46-1dcc104fd0bf_1"}, "aec82be8-1fd3-4321-ab26-3acbbd1403bc": {"instance_version": 1, "class_id": "com-snaplogic-snaps-transform-multijoin", "class_build_tag": "snapsmrc344", "class_fqid": "com-snaplogic-snaps-transform-multijoin_1-snapsmrc344", "instance_id": "aec82be8-1fd3-4321-ab26-3acbbd1403bc", "property_map": {"info": {"notes": {"value": null}, "label": {"value": "Link old/new pipe Id"}}, "view_serial": 100, "input": {"input0": {"view_type": {"value": "document"}, "label": {"value": "input0"}}, "input1": {"view_type": {"value": "document"}, "label": {"value": "input1"}}}, "settings": {"joinType": {"value": "Left outer"}, "nullSafeAccess": {"value": true}, "noMatchData": {"value": false}, "joinPaths": {"value": [{"rightPath": {"expression": true, "value": "$old_snode_id"}, "rightInputView": {"value": "input1"}, "leftPath": {"expression": true, "value": "$parameters.pipeline_snode_id"}}]}, "nullGreater": {"value": false}, "sortedStreams": {"value": "Unsorted"}}, "error": {"error0": {"view_type": {"value": "document"}, "label": {"value": "error0"}}, "error_behavior": {"value": "fail"}}, "output": {"output0": {"view_type": {"value": "document"}, "label": {"value": "output0"}}}}, "class_version": 1, "instance_fqid": "aec82be8-1fd3-4321-ab26-3acbbd1403bc_1"}, "12949ad9-9602-4d5b-bdb8-7e7b68525ea1": {"instance_version": 1, "class_id": "com-snaplogic-snaps-snaplogic-create", "class_build_tag": "snapsmrc344", "class_fqid": "com-snaplogic-snaps-snaplogic-create_1-snapsmrc344", "instance_id": "12949ad9-9602-4d5b-bdb8-7e7b68525ea1", "property_map": {"info": {"notes": {"value": null}, "label": {"value": "Create Target Tasks"}}, "view_serial": 101, "input": {"input0": {"view_type": {"value": "document"}, "label": {"value": "input0"}}}, "settings": {"AssetType": {"value": "TASK"}, "AssetPath": {"expression": true, "value": "_target_proj + '/' + $job_name"}, "executable_during_suggest": {"value": true}}, "error": {"error0": {"view_type": {"value": "document"}, "label": {"value": "error0"}}, "error_behavior": {"value": "fail"}}, "output": {"output101": {"label": {"value": "output0"}, "view_type": {"value": "document"}}}}, "class_version": 1, "instance_fqid": "12949ad9-9602-4d5b-bdb8-7e7b68525ea1_1"}}, "path": "/ConnectFasterInc/Github_Jenkins_Integration/Project_Promotion/04 Upsert Task", "scrub_backup": [], "class_id": "com-snaplogic-pipeline", "render_map": {"pan_x_num": 0, "default_snaplex": "52e99449640a9a03d8682304", "scale_ratio": 1, "detail_map": {"5019f26d-5f83-4ec7-be6b-80675856c438": {"grid_x_int": 10, "error": {}, "grid_y_int": 3, "rot_tail_int": 0, "input": {"input1": {"dx_int": 0, "rot_int": 0, "dy_int": 1}, "input101": {"dx_int": 0, "rot_int": 0, "dy_int": 2}}, "output": {}, "rot_int": 0}, "4ccf3d63-3643-4093-a3a4-bd50e4ade654": {"grid_x_int": 9, "error": {}, "grid_y_int": 4, "rot_tail_int": 0, "input": {}, "output": {}, "rot_int": 0}, "78dc9924-e08a-4ba8-82bd-c30a58cc4ca0": {"grid_x_int": 6, "error": {}, "grid_y_int": 3, "rot_tail_int": 0, "input": {}, "output": {}, "rot_int": 0}, "649c6ea3-0e12-4e51-80fa-2888e726ca4d": {"grid_x_int": 8, "error": {}, "grid_y_int": 4, "rot_tail_int": 0, "input": {}, "output": {}, "rot_int": 0}, "fd23619e-99d2-4e33-99c7-3d288de4612f": {"grid_x_int": 3, "error": {}, "grid_y_int": 2, "rot_tail_int": 0, "input": {}, "output": {}, "rot_int": 0}, "c9ac4528-1cb7-4eee-a5e9-7c437b79a3f0": {"grid_x_int": 4, "error": {}, "grid_y_int": 3, "rot_tail_int": 0, "input": {"input1": {"dx_int": 0, "rot_int": 0, "dy_int": 1}}, "output": {}, "rot_int": 0}, "797e0eb8-f5b9-4aab-a237-d92b6d139fcc": {"grid_x_int": 3, "error": {}, "grid_y_int": 1, "rot_tail_int": 0, "input": {}, "output": {}, "rot_int": 0}, "c2bd4969-74c3-407a-93b0-68f1976b815e": {"grid_x_int": 9, "error": {}, "grid_y_int": 1, "rot_tail_int": 0, "input": {}, "output": {}, "rot_int": 0}, "3d0aaa2c-ae46-4cad-9596-7eef45bc858e": {"grid_x_int": 4, "error": {}, "grid_y_int": 2, "rot_tail_int": 0, "input": {}, "output": {}, "rot_int": 0}, "f026488b-f188-4bfd-843d-011ca6ac100c": {"grid_x_int": 6, "error": {}, "grid_y_int": 4, "rot_tail_int": 0, "input": {}, "output": {}, "rot_int": 0}, "b296bbc9-b67d-4ff4-82c8-c5b99d96271f": {"grid_x_int": 3, "error": {}, "grid_y_int": 3, "rot_tail_int": 0, "input": {}, "output": {}, "rot_int": 0}, "0d53376b-b620-4075-b539-63cfa6a7a149": {"grid_x_int": 5, "error": {}, "grid_y_int": 3, "rot_tail_int": 0, "input": {}, "output": {"output1": {"dx_int": 0, "rot_int": 0, "dy_int": 1}, "output101": {"dx_int": 0, "rot_int": 0, "dy_int": 2}}, "rot_int": 0}, "5983c4be-a7af-4ce4-b5d5-c7eb746cf813": {"grid_x_int": 4, "error": {}, "grid_y_int": 1, "rot_tail_int": 0, "input": {}, "output": {}, "rot_int": 0}, "3b0860a8-e9e3-45ba-a058-e87763caf6de": {"grid_x_int": 5, "error": {}, "grid_y_int": 1, "rot_tail_int": 0, "input": {"input1": {"dx_int": 0, "rot_int": 0, "dy_int": 1}}, "output": {}, "rot_int": 0}, "989ee154-8294-4a46-abdb-77cb28ea4ae2": {"grid_x_int": 8, "error": {}, "grid_y_int": 1, "rot_tail_int": 0, "input": {"input1": {"dx_int": 0, "rot_int": 0, "dy_int": 1}}, "output": {}, "rot_int": 0}, "7187e9bf-b308-4f61-bcd3-8ebd6ffe3f49": {"grid_x_int": 6, "error": {}, "grid_y_int": 1, "rot_tail_int": 0, "input": {}, "output": {"output1": {"dx_int": 0, "rot_int": 0, "dy_int": 1}}, "rot_int": 0}, "5fa2c4b1-e469-4269-9d46-1dcc104fd0bf": {"grid_x_int": 3, "error": {}, "grid_y_int": 4, "rot_tail_int": 0, "input": {}, "output": {}, "rot_int": 0}, "aec82be8-1fd3-4321-ab26-3acbbd1403bc": {"grid_x_int": 7, "error": {}, "grid_y_int": 4, "rot_tail_int": 0, "input": {"input1": {"dx_int": 0, "rot_int": 0, "dy_int": 1}}, "output": {}, "rot_int": 0}, "12949ad9-9602-4d5b-bdb8-7e7b68525ea1": {"grid_x_int": 9, "error": {}, "grid_y_int": 3, "rot_tail_int": 0, "input": {}, "output": {}, "rot_int": 0}}, "pan_y_num": 0}, "org_id": "5592aed995315c0d2e1aaeeb", "instance_id": "3bcbc2a4-496c-4a4e-89ac-c45c5a0ce113", "create_time": {"$date": 1487686746642}}, {"link_serial": 191, "scrub_version": "48f99abcdf450e7c49a04015355fb699f785e8cbf8288d894686a64c6caeddd1", "update_user_id": "bkukadia@snaplogic.com", "class_fqid": "com-snaplogic-pipeline_8", "class_version": 8, "snode_id": "58ac4c5a05018633fa53e209", "org_snode_id": "5592aed995315c0d2e1aaeeb", "migrate_version": "mrc291", "create_user_id": "bkukadia@snaplogic.com", "project_snode_id": "58ac4c59a87b6d32f3dae248", "property_map": {"info": {"notes": {"value": null}, "label": {"value": "02 Upsert Account"}, "purpose": {"value": null}, "pipeline_doc_uri": {"value": null}, "author": {"value": "bkukadia@snaplogic.com"}}, "output": {"3067b24f-4f5c-44e2-b5c1-f9b266a00393_output0": {"view_type": {"value": "document"}, "label": {"value": "Union1 - output0"}}}, "error": {"error_behavior": {"value": "none"}}, "input": {}, "settings": {"param_table": {"value": [{"capture": {"value": false}, "key": {"value": "source_proj"}, "value": {"value": "/ConnectFasterInc/shared"}}, {"capture": {"value": false}, "key": {"value": "target_proj"}, "value": {"value": "/ConnectFasterInc/BK/shared"}}, {"capture": {"value": false}, "key": {"value": "update_account"}, "value": {"value": "true"}}]}}}, "instance_version": 1, "instance_fqid": "84375f90-bb94-4ff7-8757-0340d6d0b0e6_1", "link_map": {"link187": {"src_view_id": "output1", "dst_view_id": "input101", "src_id": "9d03645f-003b-4e57-ba2b-5269334e479c", "dst_id": "d7d4de4e-a43b-4325-bebe-ee9d69ba492a"}, "link115": {"src_view_id": "output0", "dst_view_id": "input1", "src_id": "17ea9c3c-15d6-4038-bf74-96356b572c63", "dst_id": "d2c7576b-f795-412e-ad09-34df41c884bb"}, "link114": {"src_view_id": "output0", "dst_view_id": "input0", "src_id": "b589aee5-5679-46bb-bec9-279e1539a273", "dst_id": "d2c7576b-f795-412e-ad09-34df41c884bb"}, "link119": {"src_view_id": "output0", "dst_view_id": "input0", "src_id": "d7d4de4e-a43b-4325-bebe-ee9d69ba492a", "dst_id": "2b506b29-26c4-42b7-87d1-385171584b3a"}, "link118": {"src_view_id": "output0", "dst_view_id": "input0", "src_id": "47d542cf-41c7-49a6-b600-f37919347aca", "dst_id": "68bc48db-ada4-4235-95d4-5b3c83e6fd1e"}, "link188": {"src_view_id": "output101", "dst_view_id": "input0", "src_id": "68bc48db-ada4-4235-95d4-5b3c83e6fd1e", "dst_id": "3067b24f-4f5c-44e2-b5c1-f9b266a00393"}, "link189": {"src_view_id": "output101", "dst_view_id": "input1", "src_id": "2b506b29-26c4-42b7-87d1-385171584b3a", "dst_id": "3067b24f-4f5c-44e2-b5c1-f9b266a00393"}, "link190": {"src_view_id": "output101", "dst_view_id": "input101", "src_id": "9d03645f-003b-4e57-ba2b-5269334e479c", "dst_id": "3067b24f-4f5c-44e2-b5c1-f9b266a00393"}, "link148": {"src_view_id": "output0", "dst_view_id": "input101", "src_id": "9d03645f-003b-4e57-ba2b-5269334e479c", "dst_id": "47d542cf-41c7-49a6-b600-f37919347aca"}, "link149": {"src_view_id": "output0", "dst_view_id": "input0", "src_id": "d2c7576b-f795-412e-ad09-34df41c884bb", "dst_id": "9d03645f-003b-4e57-ba2b-5269334e479c"}}, "update_time": {"$date": 1487686746348}, "phase_snode_id": null, "partition_snode_id": "58ac4bb549eb0632bbf2d2a3", "path_id": "/ConnectFasterInc/Github_Jenkins_Integration/Project_Promotion", "snap_map": {"d2c7576b-f795-412e-ad09-34df41c884bb": {"instance_version": 1, "class_id": "com-snaplogic-snaps-transform-multijoin", "class_build_tag": "snapsmrc344", "class_fqid": "com-snaplogic-snaps-transform-multijoin_1-snapsmrc344", "instance_id": "d2c7576b-f795-412e-ad09-34df41c884bb", "property_map": {"info": {"notes": {"value": null}, "label": {"value": "Join"}}, "view_serial": 100, "input": {"input0": {"view_type": {"value": "document"}, "label": {"value": "source"}}, "input1": {"view_type": {"value": "document"}, "label": {"value": "target"}}}, "settings": {"joinType": {"value": "Left outer"}, "nullSafeAccess": {"value": false}, "noMatchData": {"value": false}, "joinPaths": {"value": [{"rightPath": {"expression": true, "value": "$name"}, "rightInputView": {"value": "target"}, "leftPath": {"expression": true, "value": "$name"}}]}, "nullGreater": {"value": false}, "sortedStreams": {"value": "Unsorted"}}, "error": {"error0": {"view_type": {"value": "document"}, "label": {"value": "error0"}}, "error_behavior": {"value": "fail"}}, "output": {"output0": {"view_type": {"value": "document"}, "label": {"value": "output0"}}}}, "class_version": 1, "instance_fqid": "d2c7576b-f795-412e-ad09-34df41c884bb_1"}, "17ea9c3c-15d6-4038-bf74-96356b572c63": {"instance_id": "17ea9c3c-15d6-4038-bf74-96356b572c63", "class_id": "com-snaplogic-snaps-snaplogic-list", "class_build_tag": "snapsmrc344", "class_fqid": "com-snaplogic-snaps-snaplogic-list_1-snapsmrc344", "instance_version": 1, "property_map": {"info": {"notes": {"value": null}, "label": {"value": "List Target Accounts"}}, "view_serial": 100, "settings": {"AssetType": {"value": "ACCOUNT"}, "AssetPath": {"expression": true, "value": "_target_proj"}}, "output": {"output0": {"view_type": {"value": "document"}, "label": {"value": "output0"}}}, "error": {"error0": {"view_type": {"value": "document"}, "label": {"value": "error0"}}, "error_behavior": {"value": "fail"}}}, "class_version": 1, "instance_fqid": "17ea9c3c-15d6-4038-bf74-96356b572c63_1"}, "2b506b29-26c4-42b7-87d1-385171584b3a": {"instance_version": 1, "class_id": "com-snaplogic-snaps-snaplogic-update", "class_build_tag": "snapsmrc344", "class_fqid": "com-snaplogic-snaps-snaplogic-update_1-snapsmrc344", "instance_id": "2b506b29-26c4-42b7-87d1-385171584b3a", "property_map": {"info": {"notes": {"value": null}, "label": {"value": "Update Target Accounts"}}, "view_serial": 101, "input": {"input0": {"label": {"value": "input0"}, "view_type": {"value": "document"}}}, "settings": {"AssetType": {"value": "ACCOUNT"}, "AssetPath": {"expression": true, "value": "_target_proj + '/' + $label"}, "executable_during_suggest": {"value": false}}, "error": {"error0": {"label": {"value": "error0"}, "view_type": {"value": "document"}}, "error_behavior": {"value": "fail"}}, "output": {"output101": {"view_type": {"value": "document"}, "label": {"value": "output0"}}}}, "class_version": 1, "instance_fqid": "2b506b29-26c4-42b7-87d1-385171584b3a_1"}, "47d542cf-41c7-49a6-b600-f37919347aca": {"instance_version": 1, "class_id": "com-snaplogic-snaps-snaplogic-read", "class_build_tag": "snapsmrc344", "class_fqid": "com-snaplogic-snaps-snaplogic-read_1-snapsmrc344", "instance_id": "47d542cf-41c7-49a6-b600-f37919347aca", "property_map": {"info": {"notes": {"value": null}, "label": {"value": "Read New Accounts"}}, "view_serial": 101, "input": {"input101": {"label": {"value": "input0"}, "view_type": {"value": "document"}}}, "settings": {"AssetType": {"value": "ACCOUNT"}, "AssetPath": {"expression": true, "value": "$path"}}, "error": {"error0": {"view_type": {"value": "document"}, "label": {"value": "error0"}}, "error_behavior": {"value": "fail"}}, "output": {"output0": {"view_type": {"value": "document"}, "label": {"value": "output0"}}}}, "class_version": 1, "instance_fqid": "47d542cf-41c7-49a6-b600-f37919347aca_1"}, "3067b24f-4f5c-44e2-b5c1-f9b266a00393": {"instance_id": "3067b24f-4f5c-44e2-b5c1-f9b266a00393", "class_id": "com-snaplogic-snaps-flow-union", "class_build_tag": "snapsmrc344", "class_fqid": "com-snaplogic-snaps-flow-union_2-snapsmrc344", "instance_version": 1, "property_map": {"info": {"notes": {"value": null}, "label": {"value": "Union1"}}, "view_serial": 101, "input": {"input0": {"label": {"value": "input0"}, "view_type": {"value": "document"}}, "input1": {"label": {"value": "input1"}, "view_type": {"value": "document"}}, "input101": {"label": {"value": "input2"}, "view_type": {"value": "document"}}}, "settings": {}, "error": {"error0": {"label": {"value": "error0"}, "view_type": {"value": "document"}}, "error_behavior": {"value": "fail"}}, "output": {"output0": {"label": {"value": "output0"}, "view_type": {"value": "document"}}}}, "class_version": 2, "instance_fqid": "3067b24f-4f5c-44e2-b5c1-f9b266a00393_1"}, "d7d4de4e-a43b-4325-bebe-ee9d69ba492a": {"instance_version": 1, "class_id": "com-snaplogic-snaps-snaplogic-read", "class_build_tag": "snapsmrc344", "class_fqid": "com-snaplogic-snaps-snaplogic-read_1-snapsmrc344", "instance_id": "d7d4de4e-a43b-4325-bebe-ee9d69ba492a", "property_map": {"info": {"notes": {"value": null}, "label": {"value": "Read Existing Accounts"}}, "view_serial": 101, "input": {"input101": {"view_type": {"value": "document"}, "label": {"value": "input0"}}}, "settings": {"AssetType": {"value": "ACCOUNT"}, "AssetPath": {"expression": true, "value": "$path"}}, "error": {"error0": {"label": {"value": "error0"}, "view_type": {"value": "document"}}, "error_behavior": {"value": "fail"}}, "output": {"output0": {"label": {"value": "output0"}, "view_type": {"value": "document"}}}}, "class_version": 1, "instance_fqid": "d7d4de4e-a43b-4325-bebe-ee9d69ba492a_1"}, "9d03645f-003b-4e57-ba2b-5269334e479c": {"instance_version": 1, "class_id": "com-snaplogic-snaps-flow-router", "class_build_tag": "snapsmrc344", "class_fqid": "com-snaplogic-snaps-flow-router_2-snapsmrc344", "instance_id": "9d03645f-003b-4e57-ba2b-5269334e479c", "property_map": {"info": {"notes": {"value": null}, "label": {"value": "Router Account"}}, "view_serial": 101, "input": {"input0": {"label": {"value": "input0"}, "view_type": {"value": "document"}}}, "settings": {"routes": {"value": [{"expression": {"expression": true, "value": "$.hasOwnProperty('target_name') == false"}, "outputViewName": {"value": "Create"}}, {"expression": {"expression": true, "value": "$.hasOwnProperty('target_name') == true && _update_account == \"true\""}, "outputViewName": {"value": "Update"}}, {"expression": {"expression": true, "value": "$.hasOwnProperty('target_name') == true && _update_account == \"false\""}, "outputViewName": {"value": "Skip"}}]}, "firstMatch": {"value": true}}, "error": {"error0": {"label": {"value": "error0"}, "view_type": {"value": "document"}}, "error_behavior": {"value": "fail"}}, "output": {"output0": {"label": {"value": "Create"}, "view_type": {"value": "document"}}, "output1": {"label": {"value": "Update"}, "view_type": {"value": "document"}}, "output101": {"label": {"value": "Skip"}, "view_type": {"value": "document"}}}}, "class_version": 2, "instance_fqid": "9d03645f-003b-4e57-ba2b-5269334e479c_1"}, "b589aee5-5679-46bb-bec9-279e1539a273": {"instance_version": 1, "class_id": "com-snaplogic-snaps-snaplogic-list", "class_build_tag": "snapsmrc344", "class_fqid": "com-snaplogic-snaps-snaplogic-list_1-snapsmrc344", "instance_id": "b589aee5-5679-46bb-bec9-279e1539a273", "property_map": {"info": {"notes": {"value": null}, "label": {"value": "List Source Accounts"}}, "view_serial": 100, "error": {"error0": {"label": {"value": "error0"}, "view_type": {"value": "document"}}, "error_behavior": {"value": "fail"}}, "output": {"output0": {"label": {"value": "output0"}, "view_type": {"value": "document"}}}, "settings": {"AssetType": {"value": "ACCOUNT"}, "AssetPath": {"expression": true, "value": "_source_proj"}}}, "class_version": 1, "instance_fqid": "b589aee5-5679-46bb-bec9-279e1539a273_1"}, "68bc48db-ada4-4235-95d4-5b3c83e6fd1e": {"instance_id": "68bc48db-ada4-4235-95d4-5b3c83e6fd1e", "class_id": "com-snaplogic-snaps-snaplogic-create", "class_build_tag": "snapsmrc344", "class_fqid": "com-snaplogic-snaps-snaplogic-create_1-snapsmrc344", "instance_version": 1, "property_map": {"info": {"notes": {"value": null}, "label": {"value": "Create Target Accounts"}}, "view_serial": 101, "input": {"input0": {"view_type": {"value": "document"}, "label": {"value": "input0"}}}, "settings": {"AssetType": {"value": "ACCOUNT"}, "AssetPath": {"expression": true, "value": "_target_proj + '/' + $label"}, "executable_during_suggest": {"value": false}}, "error": {"error0": {"view_type": {"value": "document"}, "label": {"value": "error0"}}, "error_behavior": {"value": "fail"}}, "output": {"output101": {"label": {"value": "output0"}, "view_type": {"value": "document"}}}}, "class_version": 1, "instance_fqid": "68bc48db-ada4-4235-95d4-5b3c83e6fd1e_1"}}, "path": "/ConnectFasterInc/Github_Jenkins_Integration/Project_Promotion/02 Upsert Account", "scrub_backup": [], "class_id": "com-snaplogic-pipeline", "render_map": {"pan_x_num": 0, "default_snaplex": "52e99449640a9a03d8682304", "scale_ratio": 1, "detail_map": {"d2c7576b-f795-412e-ad09-34df41c884bb": {"grid_x_int": 3, "error": {}, "grid_y_int": 1, "rot_tail_int": 0, "input": {"input1": {"dx_int": 0, "rot_int": 0, "dy_int": 1}}, "output": {}, "rot_int": 0}, "17ea9c3c-15d6-4038-bf74-96356b572c63": {"grid_x_int": 2, "error": {}, "grid_y_int": 2, "rot_tail_int": 0, "input": {}, "output": {}, "rot_int": 0}, "2b506b29-26c4-42b7-87d1-385171584b3a": {"grid_x_int": 6, "error": {}, "grid_y_int": 2, "rot_tail_int": 0, "input": {}, "output": {}, "rot_int": 0}, "47d542cf-41c7-49a6-b600-f37919347aca": {"grid_x_int": 5, "error": {}, "grid_y_int": 1, "rot_tail_int": 0, "input": {}, "output": {}, "rot_int": 0}, "3067b24f-4f5c-44e2-b5c1-f9b266a00393": {"grid_x_int": 7, "error": {}, "grid_y_int": 1, "rot_tail_int": 0, "input": {"input1": {"dx_int": 0, "rot_int": 0, "dy_int": 1}, "input101": {"dx_int": 0, "rot_int": 0, "dy_int": 2}}, "output": {}, "rot_int": 0}, "d7d4de4e-a43b-4325-bebe-ee9d69ba492a": {"grid_x_int": 5, "error": {}, "grid_y_int": 2, "rot_tail_int": 0, "input": {}, "output": {}, "rot_int": 0}, "9d03645f-003b-4e57-ba2b-5269334e479c": {"grid_x_int": 4, "error": {}, "grid_y_int": 1, "rot_tail_int": 0, "input": {}, "output": {"output1": {"dx_int": 0, "rot_int": 0, "dy_int": 1}, "output101": {"dx_int": 0, "rot_int": 0, "dy_int": 2}}, "rot_int": 0}, "b589aee5-5679-46bb-bec9-279e1539a273": {"grid_x_int": 2, "error": {}, "grid_y_int": 1, "rot_tail_int": 0, "input": {}, "output": {}, "rot_int": 0}, "68bc48db-ada4-4235-95d4-5b3c83e6fd1e": {"grid_x_int": 6, "error": {}, "grid_y_int": 1, "rot_tail_int": 0, "input": {}, "output": {}, "rot_int": 0}}, "pan_y_num": 0}, "org_id": "5592aed995315c0d2e1aaeeb", "instance_id": "84375f90-bb94-4ff7-8757-0340d6d0b0e6", "create_time": {"$date": 1487686746310}}, {"link_serial": 185, "scrub_version": "48f99abcdf450e7c49a04015355fb699f785e8cbf8288d894686a64c6caeddd1", "update_user_id": "bkukadia@snaplogic.com", "class_fqid": "com-snaplogic-pipeline_8", "create_time": {"$date": 1487713543634}, "snode_id": "58acb50749eb0632bbf33193", "org_snode_id": "5592aed995315c0d2e1aaeeb", "migrate_version": "mrc291", "create_user_id": "bkukadia@snaplogic.com", "project_snode_id": "58ac4c59a87b6d32f3dae248", "property_map": {"info": {"notes": {"value": null}, "label": {"value": "03 Upsert Pipeline"}, "purpose": {"value": null}, "pipeline_doc_uri": {"value": null}, "author": {"value": "bkukadia@snaplogic.com"}}, "input": {}, "settings": {"param_table": {"value": [{"capture": {"value": false}, "value": {"value": "/ConnectFasterInc/BK/DEV"}, "key": {"value": "source_proj"}}, {"capture": {"value": false}, "value": {"value": "/ConnectFasterInc/BK/PROD"}, "key": {"value": "target_proj"}}]}, "imports": {"value": []}}, "instance_version": 1, "error": {"error_behavior": {"value": "none"}}, "output": {"72414008-4b02-40fb-88b7-cd97050dedab_output101": {"view_type": {"value": "document"}, "label": {"value": "Create Target Pipelines - output0"}}}}, "class_version": 8, "instance_fqid": "ccdb7a01-81ad-43aa-8580-3872787a9147_2", "link_map": {"link160": {"src_view_id": "output0", "dst_view_id": "input101", "src_id": "a7dbd171-5505-4394-9dcd-0ae8d64e12a7", "dst_id": "6888db7a-aa46-4a60-bf35-b0662a9f756d"}, "link161": {"src_view_id": "output0", "dst_view_id": "input0", "src_id": "24c9e5d3-0ebe-496d-ad52-724b5198def4", "dst_id": "19053df4-4b7c-4d3a-9c13-d9e70cbed191"}, "link152": {"src_view_id": "output1", "dst_view_id": "input101", "src_id": "d8d3a958-aada-4ea9-8044-70453a35c0c8", "dst_id": "a1d17e9f-f74a-43f7-8012-a84b54cdb8f9"}, "link154": {"src_view_id": "output0", "dst_view_id": "input0", "src_id": "9c29ab06-8ec9-4db5-994d-8cc5bbf93498", "dst_id": "72414008-4b02-40fb-88b7-cd97050dedab"}, "link157": {"src_view_id": "output102", "dst_view_id": "input0", "src_id": "a1d17e9f-f74a-43f7-8012-a84b54cdb8f9", "dst_id": "98b5bfbc-db12-4618-bb53-eec2030f9cca"}, "link150": {"src_view_id": "output0", "dst_view_id": "input0", "src_id": "19053df4-4b7c-4d3a-9c13-d9e70cbed191", "dst_id": "d8d3a958-aada-4ea9-8044-70453a35c0c8"}, "link153": {"src_view_id": "output0", "dst_view_id": "input0", "src_id": "6888db7a-aa46-4a60-bf35-b0662a9f756d", "dst_id": "9c29ab06-8ec9-4db5-994d-8cc5bbf93498"}, "link145": {"src_view_id": "output0", "dst_view_id": "input1", "src_id": "6dd3613f-cbc9-40d1-b9e6-49db29db1e3c", "dst_id": "19053df4-4b7c-4d3a-9c13-d9e70cbed191"}, "link159": {"src_view_id": "output0", "dst_view_id": "input0", "src_id": "d8d3a958-aada-4ea9-8044-70453a35c0c8", "dst_id": "a7dbd171-5505-4394-9dcd-0ae8d64e12a7"}, "link158": {"src_view_id": "output0", "dst_view_id": "input1", "src_id": "98b5bfbc-db12-4618-bb53-eec2030f9cca", "dst_id": "a7dbd171-5505-4394-9dcd-0ae8d64e12a7"}}, "update_time": {"$date": 1487713743974}, "phase_snode_id": null, "partition_snode_id": "58ac4bb549eb0632bbf2d2a3", "path_id": "/ConnectFasterInc/Github_Jenkins_Integration/Project_Promotion", "snap_map": {"98b5bfbc-db12-4618-bb53-eec2030f9cca": {"instance_id": "98b5bfbc-db12-4618-bb53-eec2030f9cca", "class_id": "com-snaplogic-snaps-transform-datatransform", "class_build_tag": "snapsmrc344", "class_fqid": "com-snaplogic-snaps-transform-datatransform_4-snapsmrc344", "instance_version": 1, "property_map": {"info": {"notes": {"value": null}, "label": {"value": "Format doc"}}, "view_serial": 100, "input": {"input0": {"label": {"value": "input0"}, "view_type": {"value": "document"}}}, "settings": {"nullSafeAccess": {"value": false}, "passThrough": {"value": false}, "transformations": {"value": {"mappingTable": {"value": [{"expression": {"expression": true, "value": "$original"}, "targetPath": {"value": "$"}}]}, "mappingRoot": {"value": "$"}}}}, "error": {"error0": {"label": {"value": "error0"}, "view_type": {"value": "document"}}, "error_behavior": {"value": "fail"}}, "output": {"output0": {"label": {"value": "output0"}, "view_type": {"value": "document"}}}}, "class_version": 4, "instance_fqid": "98b5bfbc-db12-4618-bb53-eec2030f9cca_1"}, "9c29ab06-8ec9-4db5-994d-8cc5bbf93498": {"instance_id": "9c29ab06-8ec9-4db5-994d-8cc5bbf93498", "class_id": "com-snaplogic-snaps-transform-datatransform", "class_build_tag": "snapsmrc344", "class_fqid": "com-snaplogic-snaps-transform-datatransform_4-snapsmrc344", "instance_version": 1, "property_map": {"info": {"notes": {"value": null}, "label": {"value": "Extract Pipeline Name"}}, "view_serial": 100, "input": {"input0": {"label": {"value": "input0"}, "view_type": {"value": "document"}}}, "settings": {"nullSafeAccess": {"value": false}, "passThrough": {"value": true}, "transformations": {"value": {"mappingTable": {"value": [{"targetPath": {"value": "$label"}, "expression": {"expression": true, "value": "$path.split('/')[4]"}}]}, "mappingRoot": {"value": "$"}}}}, "error": {"error0": {"label": {"value": "error0"}, "view_type": {"value": "document"}}, "error_behavior": {"value": "fail"}}, "output": {"output0": {"label": {"value": "output0"}, "view_type": {"value": "document"}}}}, "class_version": 4, "instance_fqid": "9c29ab06-8ec9-4db5-994d-8cc5bbf93498_1"}, "72414008-4b02-40fb-88b7-cd97050dedab": {"instance_version": 1, "class_id": "com-snaplogic-snaps-snaplogic-create", "class_build_tag": "snapsmrc344", "class_fqid": "com-snaplogic-snaps-snaplogic-create_1-snapsmrc344", "instance_id": "72414008-4b02-40fb-88b7-cd97050dedab", "property_map": {"info": {"notes": {"value": null}, "label": {"value": "Create Target Pipelines"}}, "view_serial": 101, "input": {"input0": {"view_type": {"value": "document"}, "label": {"value": "input0"}}}, "settings": {"AssetType": {"value": "PIPELINE"}, "AssetPath": {"expression": true, "value": "_target_proj + '/' + $label"}, "executable_during_suggest": {"value": true}}, "error": {"error0": {"view_type": {"value": "document"}, "label": {"value": "error0"}}, "error_behavior": {"value": "fail"}}, "output": {"output101": {"label": {"value": "output0"}, "view_type": {"value": "document"}}}}, "class_version": 1, "instance_fqid": "72414008-4b02-40fb-88b7-cd97050dedab_1"}, "6dd3613f-cbc9-40d1-b9e6-49db29db1e3c": {"instance_version": 1, "class_id": "com-snaplogic-snaps-snaplogic-list", "class_build_tag": "snapsmrc344", "class_fqid": "com-snaplogic-snaps-snaplogic-list_1-snapsmrc344", "instance_id": "6dd3613f-cbc9-40d1-b9e6-49db29db1e3c", "property_map": {"info": {"notes": {"value": null}, "label": {"value": "List Target Pipelines"}}, "view_serial": 101, "input": {}, "settings": {"AssetType": {"value": "PIPELINE"}, "AssetPath": {"expression": true, "value": "_target_proj"}}, "error": {"error0": {"view_type": {"value": "document"}, "label": {"value": "error0"}}, "error_behavior": {"value": "fail"}}, "output": {"output0": {"view_type": {"value": "document"}, "label": {"value": "output0"}}}}, "class_version": 1, "instance_fqid": "6dd3613f-cbc9-40d1-b9e6-49db29db1e3c_1"}, "a7dbd171-5505-4394-9dcd-0ae8d64e12a7": {"instance_id": "a7dbd171-5505-4394-9dcd-0ae8d64e12a7", "class_id": "com-snaplogic-snaps-flow-union", "class_build_tag": "snapsmrc344", "class_fqid": "com-snaplogic-snaps-flow-union_2-snapsmrc344", "instance_version": 1, "property_map": {"info": {"label": {"value": "Union"}}, "view_serial": 100, "input": {"input0": {"view_type": {"value": "document"}, "label": {"value": "input0"}}, "input1": {"view_type": {"value": "document"}, "label": {"value": "input1"}}}, "settings": {}, "error": {"error0": {"view_type": {"value": "document"}, "label": {"value": "error0"}}, "error_behavior": {"value": "fail"}}, "output": {"output0": {"view_type": {"value": "document"}, "label": {"value": "output0"}}}}, "class_version": 2, "instance_fqid": "a7dbd171-5505-4394-9dcd-0ae8d64e12a7_1"}, "19053df4-4b7c-4d3a-9c13-d9e70cbed191": {"instance_version": 1, "class_id": "com-snaplogic-snaps-transform-multijoin", "class_build_tag": "snapsmrc344", "class_fqid": "com-snaplogic-snaps-transform-multijoin_1-snapsmrc344", "instance_id": "19053df4-4b7c-4d3a-9c13-d9e70cbed191", "property_map": {"info": {"notes": {"value": null}, "label": {"value": "Join"}}, "view_serial": 100, "input": {"input0": {"view_type": {"value": "document"}, "label": {"value": "source"}}, "input1": {"view_type": {"value": "document"}, "label": {"value": "target"}}}, "settings": {"joinType": {"value": "Left outer"}, "nullSafeAccess": {"value": true}, "noMatchData": {"value": false}, "joinPaths": {"value": [{"rightPath": {"expression": true, "value": "$name"}, "rightInputView": {"value": "target"}, "leftPath": {"expression": true, "value": "$name"}}]}, "nullGreater": {"value": false}, "sortedStreams": {"value": "Unsorted"}}, "error": {"error0": {"view_type": {"value": "document"}, "label": {"value": "error0"}}, "error_behavior": {"value": "fail"}}, "output": {"output0": {"view_type": {"value": "document"}, "label": {"value": "output0"}}}}, "class_version": 1, "instance_fqid": "19053df4-4b7c-4d3a-9c13-d9e70cbed191_1"}, "d8d3a958-aada-4ea9-8044-70453a35c0c8": {"instance_version": 1, "class_id": "com-snaplogic-snaps-flow-router", "class_build_tag": "snapsmrc344", "class_fqid": "com-snaplogic-snaps-flow-router_2-snapsmrc344", "instance_id": "d8d3a958-aada-4ea9-8044-70453a35c0c8", "property_map": {"info": {"notes": {"value": null}, "label": {"value": "Router Pipeline"}}, "view_serial": 100, "input": {"input0": {"view_type": {"value": "document"}, "label": {"value": "input0"}}}, "settings": {"routes": {"value": [{"expression": {"expression": true, "value": "$.hasOwnProperty('target_name') == false"}, "outputViewName": {"value": "New"}}, {"expression": {"expression": true, "value": "$.hasOwnProperty('target_name') == true"}, "outputViewName": {"value": "Exist"}}]}, "firstMatch": {"value": true}}, "error": {"error0": {"view_type": {"value": "document"}, "label": {"value": "error0"}}, "error_behavior": {"value": "fail"}}, "output": {"output0": {"view_type": {"value": "document"}, "label": {"value": "New"}}, "output1": {"view_type": {"value": "document"}, "label": {"value": "Exist"}}}}, "class_version": 2, "instance_fqid": "d8d3a958-aada-4ea9-8044-70453a35c0c8_1"}, "6888db7a-aa46-4a60-bf35-b0662a9f756d": {"instance_version": 1, "class_id": "com-snaplogic-snaps-snaplogic-read", "class_build_tag": "snapsmrc344", "class_fqid": "com-snaplogic-snaps-snaplogic-read_1-snapsmrc344", "instance_id": "6888db7a-aa46-4a60-bf35-b0662a9f756d", "property_map": {"info": {"notes": {"value": null}, "label": {"value": "Read Pipelines"}}, "view_serial": 101, "input": {"input101": {"view_type": {"value": "document"}, "label": {"value": "input0"}}}, "settings": {"AssetType": {"value": "PIPELINE"}, "AssetPath": {"expression": true, "value": "$path"}}, "error": {"error0": {"label": {"value": "error0"}, "view_type": {"value": "document"}}, "error_behavior": {"value": "fail"}}, "output": {"output0": {"label": {"value": "output0"}, "view_type": {"value": "document"}}}}, "class_version": 1, "instance_fqid": "6888db7a-aa46-4a60-bf35-b0662a9f756d_1"}, "a1d17e9f-f74a-43f7-8012-a84b54cdb8f9": {"instance_id": "a1d17e9f-f74a-43f7-8012-a84b54cdb8f9", "class_id": "com-snaplogic-snaps-snaplogic-delete", "class_build_tag": "snapsmrc344", "class_fqid": "com-snaplogic-snaps-snaplogic-delete_1-snapsmrc344", "instance_version": 1, "property_map": {"info": {"notes": {"value": null}, "label": {"value": "SnapLogic Delete"}}, "view_serial": 102, "input": {"input101": {"view_type": {"value": "document"}, "label": {"value": "input0"}}}, "settings": {"AssetType": {"value": "PIPELINE"}, "AssetPath": {"expression": true, "value": "$target_path"}, "executable_during_suggest": {"value": true}}, "error": {"error0": {"view_type": {"value": "document"}, "label": {"value": "error0"}}, "error_behavior": {"value": "fail"}}, "output": {"output102": {"view_type": {"value": "document"}, "label": {"value": "output0"}}}}, "class_version": 1, "instance_fqid": "a1d17e9f-f74a-43f7-8012-a84b54cdb8f9_1"}, "24c9e5d3-0ebe-496d-ad52-724b5198def4": {"instance_version": 1, "class_id": "com-snaplogic-snaps-snaplogic-list", "class_build_tag": "snapsmrc344", "class_fqid": "com-snaplogic-snaps-snaplogic-list_1-snapsmrc344", "instance_id": "24c9e5d3-0ebe-496d-ad52-724b5198def4", "property_map": {"info": {"notes": {"value": null}, "label": {"value": "List Source Pipelines"}}, "view_serial": 101, "input": {}, "settings": {"AssetType": {"value": "PIPELINE"}, "AssetPath": {"expression": true, "value": "_source_proj"}}, "error": {"error0": {"view_type": {"value": "document"}, "label": {"value": "error0"}}, "error_behavior": {"value": "fail"}}, "output": {"output0": {"view_type": {"value": "document"}, "label": {"value": "output0"}}}}, "class_version": 1, "instance_fqid": "24c9e5d3-0ebe-496d-ad52-724b5198def4_1"}}, "path": "/ConnectFasterInc/Github_Jenkins_Integration/Project_Promotion/03 Upsert Pipeline", "instance_version": 2, "scrub_backup": [], "class_id": "com-snaplogic-pipeline", "render_map": {"pan_x_num": 0, "default_snaplex": "52e99449640a9a03d8682304", "scale_ratio": 1, "detail_map": {"98b5bfbc-db12-4618-bb53-eec2030f9cca": {"grid_x_int": 5, "error": {}, "grid_y_int": 3, "rot_tail_int": 0, "input": {}, "output": {}, "rot_int": 0}, "9c29ab06-8ec9-4db5-994d-8cc5bbf93498": {"grid_x_int": 8, "error": {}, "grid_y_int": 2, "rot_tail_int": 0, "input": {}, "output": {}, "rot_int": 0}, "72414008-4b02-40fb-88b7-cd97050dedab": {"grid_x_int": 9, "error": {}, "grid_y_int": 2, "rot_tail_int": 0, "input": {}, "output": {}, "rot_int": 0}, "6dd3613f-cbc9-40d1-b9e6-49db29db1e3c": {"grid_x_int": 1, "error": {}, "grid_y_int": 3, "rot_tail_int": 0, "input": {}, "output": {}, "rot_int": 0}, "a7dbd171-5505-4394-9dcd-0ae8d64e12a7": {"grid_x_int": 6, "error": {}, "grid_y_int": 2, "rot_tail_int": 0, "input": {"input1": {"dx_int": 0, "rot_int": 0, "dy_int": 1}}, "output": {}, "rot_int": 0}, "19053df4-4b7c-4d3a-9c13-d9e70cbed191": {"grid_x_int": 2, "error": {}, "grid_y_int": 2, "rot_tail_int": 0, "input": {"input1": {"dx_int": 0, "rot_int": 0, "dy_int": 1}}, "output": {}, "rot_int": 0}, "d8d3a958-aada-4ea9-8044-70453a35c0c8": {"grid_x_int": 3, "error": {}, "grid_y_int": 2, "rot_tail_int": 0, "input": {}, "output": {"output1": {"dx_int": 0, "rot_int": 0, "dy_int": 1}}, "rot_int": 0}, "6888db7a-aa46-4a60-bf35-b0662a9f756d": {"grid_x_int": 7, "error": {}, "grid_y_int": 2, "rot_tail_int": 0, "input": {}, "output": {}, "rot_int": 0}, "a1d17e9f-f74a-43f7-8012-a84b54cdb8f9": {"grid_x_int": 4, "error": {}, "grid_y_int": 3, "rot_tail_int": 0, "input": {}, "output": {}, "rot_int": 0}, "24c9e5d3-0ebe-496d-ad52-724b5198def4": {"grid_x_int": 1, "error": {}, "grid_y_int": 2, "rot_tail_int": 0, "input": {}, "output": {}, "rot_int": 0}}, "pan_y_num": 0}, "org_id": "5592aed995315c0d2e1aaeeb", "instance_id": "ccdb7a01-81ad-43aa-8580-3872787a9147"}, {"link_serial": 222, "scrub_version": "48f99abcdf450e7c49a04015355fb699f785e8cbf8288d894686a64c6caeddd1", "update_user_id": "bkukadia@snaplogic.com", "class_fqid": "com-snaplogic-pipeline_8", "create_time": {"$date": 1487686746451}, "snode_id": "58ac4c5aba6d56617bbfcaf6", "org_snode_id": "5592aed995315c0d2e1aaeeb", "migrate_version": "mrc291", "create_user_id": "bkukadia@snaplogic.com", "project_snode_id": "58ac4c59a87b6d32f3dae248", "property_map": {"info": {"notes": {"value": null}, "label": {"value": "01 Main - Migrate Project"}, "purpose": {"value": null}, "pipeline_doc_uri": {"value": null}, "author": {"value": "bkukadia@snaplogic.com"}}, "input": {}, "settings": {"param_table": {"value": [{"capture": {"value": true}, "value": {"value": "ConnectFasterInc"}, "key": {"value": "source_org"}}, {"capture": {"value": true}, "value": {"value": "BK"}, "key": {"value": "source_space"}}, {"capture": {"value": true}, "value": {"value": "DEV"}, "key": {"value": "source_proj"}}, {"capture": {"value": true}, "value": {"value": "ConnectFasterInc"}, "key": {"value": "target_org"}}, {"capture": {"value": true}, "value": {"value": "BK"}, "key": {"value": "target_space"}}, {"capture": {"value": true}, "value": {"value": "PROD"}, "key": {"value": "target_proj"}}, {"capture": {"value": true}, "value": {"value": "true"}, "key": {"value": "include_account"}}, {"capture": {"value": true}, "value": {"value": "true"}, "key": {"value": "include_pipeline"}}, {"capture": {"value": true}, "value": {"value": "true"}, "key": {"value": "include_task"}}, {"capture": {"value": true}, "value": {"value": "true"}, "key": {"value": "update_account"}}, {"capture": {"value": true}, "value": {"value": "true"}, "key": {"value": "update_task"}}]}, "imports": {"value": []}}, "instance_version": 1, "error": {"error_behavior": {"value": "none"}}, "output": {"10e352e3-3f72-4e2f-8d6c-183933bf4a0d_output0": {"view_type": {"value": "document"}, "label": {"value": "Union1 - output0"}}}}, "class_version": 8, "instance_fqid": "d4f57f88-113c-44da-8cef-1cca0f655ed3_2", "link_map": {"link187": {"src_view_id": "output0", "dst_view_id": "input0", "src_id": "0f1986c6-9b79-458c-aa5e-0da85882880f", "dst_id": "e2940229-5229-4c7c-bf42-894ba8663359"}, "link204": {"src_view_id": "output0", "dst_view_id": "input0", "src_id": "3b421116-0ec7-4ea5-a4ce-696772530e33", "dst_id": "f207c0f1-4ccb-4354-9d26-a4795b5a08df"}, "link221": {"src_view_id": "output0", "dst_view_id": "input102", "src_id": "2de1b548-3250-41db-8646-030973121aad", "dst_id": "1b44eab7-dbf0-425e-9c4a-0a4742e3fbc9"}, "link220": {"src_view_id": "output0", "dst_view_id": "input0", "src_id": "1b44eab7-dbf0-425e-9c4a-0a4742e3fbc9", "dst_id": "7fcb0930-4c17-448c-9dde-5cb74c64f0d6"}, "link199": {"src_view_id": "output0", "dst_view_id": "input0", "src_id": "aa5ed593-9a84-4d69-aea1-cea0fec9610e", "dst_id": "10e352e3-3f72-4e2f-8d6c-183933bf4a0d"}, "link198": {"src_view_id": "output1", "dst_view_id": "input1", "src_id": "be9d138a-387b-4217-984c-1a3aeab9c164", "dst_id": "1b44eab7-dbf0-425e-9c4a-0a4742e3fbc9"}, "link212": {"src_view_id": "output0", "dst_view_id": "input0", "src_id": "ed15d0ef-4312-42f8-a96b-a3c43a9b1280", "dst_id": "3b421116-0ec7-4ea5-a4ce-696772530e33"}, "link211": {"src_view_id": "output0", "dst_view_id": "input0", "src_id": "f207c0f1-4ccb-4354-9d26-a4795b5a08df", "dst_id": "420ab983-7cb1-4838-bd92-f860e683d0f1"}, "link216": {"src_view_id": "output0", "dst_view_id": "input0", "src_id": "2b349c0e-4bb1-4903-9215-2b6637d66fc3", "dst_id": "ed15d0ef-4312-42f8-a96b-a3c43a9b1280"}, "link200": {"src_view_id": "output1", "dst_view_id": "input1", "src_id": "91d39368-a4e8-4605-b55b-ff986856635a", "dst_id": "10e352e3-3f72-4e2f-8d6c-183933bf4a0d"}, "link190": {"src_view_id": "output0", "dst_view_id": "input101", "src_id": "be9d138a-387b-4217-984c-1a3aeab9c164", "dst_id": "3b97525e-d3ba-45c0-8af5-185094425710"}, "link193": {"src_view_id": "output0", "dst_view_id": "input0", "src_id": "e2940229-5229-4c7c-bf42-894ba8663359", "dst_id": "91d39368-a4e8-4605-b55b-ff986856635a"}, "link219": {"src_view_id": "output0", "dst_view_id": "input101", "src_id": "7fcb0930-4c17-448c-9dde-5cb74c64f0d6", "dst_id": "0f1986c6-9b79-458c-aa5e-0da85882880f"}, "link209": {"src_view_id": "output1", "dst_view_id": "input0", "src_id": "f207c0f1-4ccb-4354-9d26-a4795b5a08df", "dst_id": "be9d138a-387b-4217-984c-1a3aeab9c164"}, "link194": {"src_view_id": "output0", "dst_view_id": "input101", "src_id": "91d39368-a4e8-4605-b55b-ff986856635a", "dst_id": "aa5ed593-9a84-4d69-aea1-cea0fec9610e"}, "link218": {"src_view_id": "output0", "dst_view_id": "input0", "src_id": "3b97525e-d3ba-45c0-8af5-185094425710", "dst_id": "1b44eab7-dbf0-425e-9c4a-0a4742e3fbc9"}}, "update_time": {"$date": 1487686946390}, "phase_snode_id": null, "partition_snode_id": "58ac4bb549eb0632bbf2d2a3", "path_id": "/ConnectFasterInc/Github_Jenkins_Integration/Project_Promotion", "snap_map": {"2de1b548-3250-41db-8646-030973121aad": {"instance_id": "2de1b548-3250-41db-8646-030973121aad", "class_id": "com-snaplogic-snaps-transform-jsongenerator", "class_build_tag": "snapsmrc344", "class_fqid": "com-snaplogic-snaps-transform-jsongenerator_2-snapsmrc344", "instance_version": 1, "property_map": {"info": {"notes": {"value": null}, "label": {"value": "Continue even with no Account"}}, "view_serial": 100, "settings": {"editable_content": {"value": "## Enter your JSON-encoded data in this space.  Note that this text is\n## treated as an Apache Velocity template, so you can substitute values\n## from input documents or the pipeline parameters.  See the following\n## URL for more information about Velocity:\n##   https://velocity.apache.org/engine/devel/user-guide.html\n\n[\n    {\n##        \"msg\" : \"Hello, World\", \"num\" : 1\n    }\n]\n\n\n## Tips:\n##  * The sample data above will generate a single empty document, uncomment\n##    the line in the middle to include the sample fields.  Adding more\n##    objects to the root array will cause the snap to generate more\n##    than one document.\n##  * Pipeline parameters can be referenced by prefixing the parameter\n##    name with an underscore, like so:\n##      ${_pipelineParamName}\n##  * If you add an input view to the snap, this template will be\n##    evaluated for each input document.\n##  * Fields in the input documents can be referenced by prefixing them\n##    with a dollar-sign ($), like so:\n##      $parent.child[0].value\n##  * Any referenced document values and pipeline parameters will\n##    automatically be JSON-encoded when they are inserted into the final\n##    JSON document.  You should not have to worry about escaping values\n##    yourself.\n##  * If you are having troubles getting a template to produce valid JSON,\n##    you can add an error view to the snap to get a document that\n##    contains the output of the template evaluation."}, "arrayElementsAsDocuments": {"value": true}}, "output": {"output0": {"view_type": {"value": "document"}, "label": {"value": "output0"}}}, "error": {"error0": {"view_type": {"value": "document"}, "label": {"value": "error0"}}, "error_behavior": {"value": "fail"}}}, "class_version": 2, "instance_fqid": "2de1b548-3250-41db-8646-030973121aad_1"}, "10e352e3-3f72-4e2f-8d6c-183933bf4a0d": {"instance_version": 1, "class_id": "com-snaplogic-snaps-flow-union", "class_build_tag": "snapsmrc344", "class_fqid": "com-snaplogic-snaps-flow-union_2-snapsmrc344", "instance_id": "10e352e3-3f72-4e2f-8d6c-183933bf4a0d", "property_map": {"info": {"label": {"value": "Union1"}}, "view_serial": 100, "input": {"input0": {"label": {"value": "input0"}, "view_type": {"value": "document"}}, "input1": {"label": {"value": "input1"}, "view_type": {"value": "document"}}}, "settings": {}, "error": {"error0": {"label": {"value": "error0"}, "view_type": {"value": "document"}}, "error_behavior": {"value": "fail"}}, "output": {"output0": {"label": {"value": "output0"}, "view_type": {"value": "document"}}}}, "class_version": 2, "instance_fqid": "10e352e3-3f72-4e2f-8d6c-183933bf4a0d_1"}, "3b97525e-d3ba-45c0-8af5-185094425710": {"instance_id": "3b97525e-d3ba-45c0-8af5-185094425710", "class_id": "com-snaplogic-snaps-flow-pipeexec", "class_build_tag": "snapsmrc344", "class_fqid": "com-snaplogic-snaps-flow-pipeexec_1-snapsmrc344", "instance_version": 1, "property_map": {"info": {"notes": {"value": null}, "label": {"value": "Upsert Account"}}, "view_serial": 101, "input": {"input101": {"view_type": {"value": "document"}, "label": {"value": "input0"}}}, "settings": {"pipeline": {"expression": false, "value": "02 Upsert Account"}, "reuse": {"value": false}, "poolSize": {"value": 1}, "loopDocument": {"expression": true}, "execLabel": {"expression": true, "value": null}, "params": {"value": [{"paramValue": {"expression": true, "value": "'/' + _source_org + '/' + _source_space + '/' + _source_proj"}, "paramName": {"value": "source_proj"}}, {"paramValue": {"expression": true, "value": "'/' + _target_org + '/' + _target_space + '/' + _target_proj"}, "paramName": {"value": "target_proj"}}, {"paramValue": {"expression": true, "value": "_update_account"}, "paramName": {"value": "update_account"}}]}}, "error": {"error0": {"label": {"value": "error0"}, "view_type": {"value": "document"}}, "error_behavior": {"value": "fail"}}, "output": {"output0": {"label": {"value": "output0"}, "view_type": {"value": "document"}}}}, "class_version": 1, "instance_fqid": "3b97525e-d3ba-45c0-8af5-185094425710_1"}, "f207c0f1-4ccb-4354-9d26-a4795b5a08df": {"instance_version": 1, "class_id": "com-snaplogic-snaps-flow-router", "class_build_tag": "snapsmrc344", "class_fqid": "com-snaplogic-snaps-flow-router_2-snapsmrc344", "instance_id": "f207c0f1-4ccb-4354-9d26-a4795b5a08df", "property_map": {"info": {"notes": {"value": null}, "label": {"value": "Router1"}}, "view_serial": 100, "input": {"input0": {"label": {"value": "input0"}, "view_type": {"value": "document"}}}, "settings": {"routes": {"value": [{"expression": {"expression": true, "value": "$['$total'] == 0"}, "outputViewName": {"value": "output0"}}, {"expression": {"expression": true, "value": "$['$total'] == 1"}, "outputViewName": {"value": "output1"}}]}, "firstMatch": {"value": true}}, "error": {"error0": {"label": {"value": "error0"}, "view_type": {"value": "document"}}, "error_behavior": {"value": "fail"}}, "output": {"output0": {"label": {"value": "output0"}, "view_type": {"value": "document"}}, "output1": {"label": {"value": "output1"}, "view_type": {"value": "document"}}}}, "class_version": 2, "instance_fqid": "f207c0f1-4ccb-4354-9d26-a4795b5a08df_1"}, "420ab983-7cb1-4838-bd92-f860e683d0f1": {"instance_id": "420ab983-7cb1-4838-bd92-f860e683d0f1", "class_id": "com-snaplogic-snaps-flow-exit", "class_build_tag": "snapsmrc344", "class_fqid": "com-snaplogic-snaps-flow-exit_1-snapsmrc344", "instance_version": 1, "property_map": {"info": {"notes": {"value": null}, "label": {"value": "No Target Project"}}, "view_serial": 100, "settings": {"KeyThresholdLimit": {"expression": false, "value": 0}, "KeyErrorMsg": {"expression": false, "value": "Target project does not exist"}}, "input": {"input0": {"view_type": {"value": "document"}, "label": {"value": "input0"}}}, "error": {"error_behavior": {"value": "fail"}}}, "class_version": 1, "instance_fqid": "420ab983-7cb1-4838-bd92-f860e683d0f1_1"}, "e2940229-5229-4c7c-bf42-894ba8663359": {"instance_version": 1, "class_id": "com-snaplogic-snaps-flow-tail", "class_build_tag": "snapsmrc344", "class_fqid": "com-snaplogic-snaps-flow-tail_1-snapsmrc344", "instance_id": "e2940229-5229-4c7c-bf42-894ba8663359", "property_map": {"info": {"notes": {"value": null}, "label": {"value": "Pipeline Complete"}}, "view_serial": 100, "input": {"input0": {"view_type": {"value": "document"}, "label": {"value": "input0"}}}, "settings": {"numOfDocs": {"value": 1}, "offset": {"value": 0}}, "error": {"error0": {"view_type": {"value": "document"}, "label": {"value": "error0"}}, "error_behavior": {"value": "fail"}}, "output": {"output0": {"view_type": {"value": "document"}, "label": {"value": "output0"}}}}, "class_version": 1, "instance_fqid": "e2940229-5229-4c7c-bf42-894ba8663359_1"}, "3b421116-0ec7-4ea5-a4ce-696772530e33": {"instance_version": 1, "class_id": "com-snaplogic-snaps-transform-aggregate", "class_build_tag": "snapsmrc344", "class_fqid": "com-snaplogic-snaps-transform-aggregate_3-snapsmrc344", "instance_id": "3b421116-0ec7-4ea5-a4ce-696772530e33", "property_map": {"info": {"notes": {"value": null}, "label": {"value": "Project Exists?"}}, "view_serial": 100, "input": {"input0": {"label": {"value": "input0"}, "view_type": {"value": "document"}}}, "settings": {"integerMode": {"value": false}, "aggregateFields": {"value": [{"function": {"value": "SUM"}, "field": {"expression": true, "value": "$match"}, "resultField": {"value": "$total"}}]}, "sortedStreams": {"value": "Unsorted"}, "groupByFields": {"value": []}}, "error": {"error0": {"label": {"value": "error0"}, "view_type": {"value": "document"}}, "error_behavior": {"value": "fail"}}, "output": {"output0": {"label": {"value": "output0"}, "view_type": {"value": "document"}}}}, "class_version": 3, "instance_fqid": "3b421116-0ec7-4ea5-a4ce-696772530e33_1"}, "be9d138a-387b-4217-984c-1a3aeab9c164": {"instance_version": 1, "class_id": "com-snaplogic-snaps-flow-router", "class_build_tag": "snapsmrc344", "class_fqid": "com-snaplogic-snaps-flow-router_2-snapsmrc344", "instance_id": "be9d138a-387b-4217-984c-1a3aeab9c164", "property_map": {"info": {"notes": {"value": null}, "label": {"value": "Upsert Account ???"}}, "view_serial": 100, "input": {"input0": {"view_type": {"value": "document"}, "label": {"value": "input0"}}}, "settings": {"routes": {"value": [{"expression": {"expression": true, "value": "_include_account.toLowerCase() == \"true\""}, "outputViewName": {"value": "Yes"}}, {"expression": {"expression": true, "value": "_include_account.toLowerCase() == \"false\""}, "outputViewName": {"value": "No"}}]}, "firstMatch": {"value": true}}, "error": {"error0": {"view_type": {"value": "document"}, "label": {"value": "error0"}}, "error_behavior": {"value": "fail"}}, "output": {"output0": {"view_type": {"value": "document"}, "label": {"value": "Yes"}}, "output1": {"view_type": {"value": "document"}, "label": {"value": "No"}}}}, "class_version": 2, "instance_fqid": "be9d138a-387b-4217-984c-1a3aeab9c164_1"}, "1b44eab7-dbf0-425e-9c4a-0a4742e3fbc9": {"instance_id": "1b44eab7-dbf0-425e-9c4a-0a4742e3fbc9", "class_id": "com-snaplogic-snaps-flow-union", "class_build_tag": "snapsmrc344", "class_fqid": "com-snaplogic-snaps-flow-union_2-snapsmrc344", "instance_version": 1, "property_map": {"info": {"notes": {"value": null}, "label": {"value": "Union"}}, "view_serial": 102, "input": {"input0": {"label": {"value": "input0"}, "view_type": {"value": "document"}}, "input1": {"label": {"value": "input1"}, "view_type": {"value": "document"}}, "input102": {"view_type": {"value": "document"}, "label": {"value": "input2"}}}, "settings": {}, "error": {"error0": {"label": {"value": "error0"}, "view_type": {"value": "document"}}, "error_behavior": {"value": "fail"}}, "output": {"output0": {"label": {"value": "output0"}, "view_type": {"value": "document"}}}}, "class_version": 2, "instance_fqid": "1b44eab7-dbf0-425e-9c4a-0a4742e3fbc9_1"}, "0f1986c6-9b79-458c-aa5e-0da85882880f": {"instance_id": "0f1986c6-9b79-458c-aa5e-0da85882880f", "class_id": "com-snaplogic-snaps-flow-pipeexec", "class_build_tag": "snapsmrc344", "class_fqid": "com-snaplogic-snaps-flow-pipeexec_1-snapsmrc344", "instance_version": 1, "property_map": {"info": {"notes": {"value": null}, "label": {"value": "Upsert Pipeline"}}, "view_serial": 101, "input": {"input101": {"label": {"value": "input0"}, "view_type": {"value": "document"}}}, "settings": {"pipeline": {"expression": false, "value": "03 Upsert Pipeline"}, "reuse": {"value": false}, "loopDocument": {"expression": true}, "poolSize": {"value": 1}, "execLabel": {"expression": true, "value": null}, "params": {"value": [{"paramValue": {"expression": true, "value": "'/' + _source_org + '/' + _source_space + '/' + _source_proj"}, "paramName": {"value": "source_proj"}}, {"paramValue": {"expression": true, "value": "'/' + _target_org + '/' + _target_space + '/' + _target_proj"}, "paramName": {"value": "target_proj"}}]}}, "error": {"error0": {"view_type": {"value": "document"}, "label": {"value": "error0"}}, "error_behavior": {"value": "fail"}}, "output": {"output0": {"view_type": {"value": "document"}, "label": {"value": "output0"}}}}, "class_version": 1, "instance_fqid": "0f1986c6-9b79-458c-aa5e-0da85882880f_1"}, "91d39368-a4e8-4605-b55b-ff986856635a": {"instance_version": 1, "class_id": "com-snaplogic-snaps-flow-router", "class_build_tag": "snapsmrc344", "class_fqid": "com-snaplogic-snaps-flow-router_2-snapsmrc344", "instance_id": "91d39368-a4e8-4605-b55b-ff986856635a", "property_map": {"info": {"notes": {"value": null}, "label": {"value": "Upsert Task ???"}}, "view_serial": 100, "input": {"input0": {"view_type": {"value": "document"}, "label": {"value": "input0"}}}, "settings": {"routes": {"value": [{"expression": {"expression": true, "value": "_include_task.toLowerCase() == \"true\""}, "outputViewName": {"value": "Yes"}}, {"expression": {"expression": true, "value": "_include_task.toLowerCase() == \"false\""}, "outputViewName": {"value": "No"}}]}, "firstMatch": {"value": true}}, "error": {"error0": {"view_type": {"value": "document"}, "label": {"value": "error0"}}, "error_behavior": {"value": "fail"}}, "output": {"output0": {"view_type": {"value": "document"}, "label": {"value": "Yes"}}, "output1": {"view_type": {"value": "document"}, "label": {"value": "No"}}}}, "class_version": 2, "instance_fqid": "91d39368-a4e8-4605-b55b-ff986856635a_1"}, "2b349c0e-4bb1-4903-9215-2b6637d66fc3": {"instance_version": 1, "class_id": "com-snaplogic-snaps-snaplogic-list", "class_build_tag": "snapsmrc344", "class_fqid": "com-snaplogic-snaps-snaplogic-list_1-snapsmrc344", "instance_id": "2b349c0e-4bb1-4903-9215-2b6637d66fc3", "property_map": {"info": {"notes": {"value": null}, "label": {"value": "List Target Projects"}}, "view_serial": 100, "settings": {"AssetType": {"value": "PROJECT"}, "AssetPath": {"expression": true, "value": "'/' + _target_org + '/' + _target_space + '/'"}}, "output": {"output0": {"view_type": {"value": "document"}, "label": {"value": "output0"}}}, "error": {"error0": {"view_type": {"value": "document"}, "label": {"value": "error0"}}, "error_behavior": {"value": "fail"}}}, "class_version": 1, "instance_fqid": "2b349c0e-4bb1-4903-9215-2b6637d66fc3_1"}, "7fcb0930-4c17-448c-9dde-5cb74c64f0d6": {"instance_version": 1, "class_id": "com-snaplogic-snaps-flow-tail", "class_build_tag": "snapsmrc344", "class_fqid": "com-snaplogic-snaps-flow-tail_1-snapsmrc344", "instance_id": "7fcb0930-4c17-448c-9dde-5cb74c64f0d6", "property_map": {"info": {"notes": {"value": null}, "label": {"value": "Account Complete"}}, "view_serial": 100, "input": {"input0": {"label": {"value": "input0"}, "view_type": {"value": "document"}}}, "settings": {"numOfDocs": {"value": 1}, "offset": {"value": 0}}, "error": {"error0": {"label": {"value": "error0"}, "view_type": {"value": "document"}}, "error_behavior": {"value": "fail"}}, "output": {"output0": {"label": {"value": "output0"}, "view_type": {"value": "document"}}}}, "class_version": 1, "instance_fqid": "7fcb0930-4c17-448c-9dde-5cb74c64f0d6_1"}, "ed15d0ef-4312-42f8-a96b-a3c43a9b1280": {"instance_version": 1, "class_id": "com-snaplogic-snaps-transform-conditional", "class_build_tag": "snapsmrc344", "class_fqid": "com-snaplogic-snaps-transform-conditional_1-snapsmrc344", "instance_id": "ed15d0ef-4312-42f8-a96b-a3c43a9b1280", "property_map": {"info": {"notes": {"value": null}, "label": {"value": "Search Target Project"}}, "view_serial": 100, "input": {"input0": {"view_type": {"value": "document"}, "label": {"value": "input0"}}}, "settings": {"nullSafeAccess": {"value": false}, "evaluateAll": {"value": false}, "defaultValueTable": {"value": {"defaultValue": {"expression": true, "value": "0"}, "defaultValuePath": {"value": "$match"}}}, "conditionalTable": {"value": [{"conditionalExpression": {"expression": true, "value": "$name == _target_proj"}, "targetPath": {"value": "$match"}, "returnValue": {"expression": true, "value": "1"}}]}}, "error": {"error0": {"view_type": {"value": "document"}, "label": {"value": "error0"}}, "error_behavior": {"value": "fail"}}, "output": {"output0": {"view_type": {"value": "document"}, "label": {"value": "output0"}}}}, "class_version": 1, "instance_fqid": "ed15d0ef-4312-42f8-a96b-a3c43a9b1280_1"}, "aa5ed593-9a84-4d69-aea1-cea0fec9610e": {"instance_version": 1, "class_id": "com-snaplogic-snaps-flow-pipeexec", "class_build_tag": "snapsmrc344", "class_fqid": "com-snaplogic-snaps-flow-pipeexec_1-snapsmrc344", "instance_id": "aa5ed593-9a84-4d69-aea1-cea0fec9610e", "property_map": {"info": {"notes": {"value": null}, "label": {"value": "Upsert Task"}}, "view_serial": 101, "input": {"input101": {"view_type": {"value": "document"}, "label": {"value": "input0"}}}, "settings": {"pipeline": {"expression": false, "value": "04 Upsert Task"}, "reuse": {"value": false}, "poolSize": {"value": 1}, "loopDocument": {"expression": true}, "execLabel": {"expression": true, "value": null}, "params": {"value": [{"paramValue": {"expression": true, "value": "'/' + _source_org + '/' + _source_space + '/' + _source_proj"}, "paramName": {"value": "source_proj"}}, {"paramValue": {"expression": true, "value": "'/' + _target_org + '/' + _target_space + '/' + _target_proj"}, "paramName": {"value": "target_proj"}}, {"paramValue": {"expression": true, "value": "_update_task"}, "paramName": {"value": "update_task"}}]}}, "error": {"error0": {"label": {"value": "error0"}, "view_type": {"value": "document"}}, "error_behavior": {"value": "fail"}}, "output": {"output0": {"label": {"value": "output0"}, "view_type": {"value": "document"}}}}, "class_version": 1, "instance_fqid": "aa5ed593-9a84-4d69-aea1-cea0fec9610e_1"}}, "path": "/ConnectFasterInc/Github_Jenkins_Integration/Project_Promotion/01 Main - Migrate Project", "instance_version": 2, "scrub_backup": [], "class_id": "com-snaplogic-pipeline", "render_map": {"pan_x_num": 0, "default_snaplex": "52e99449640a9a03d8682304", "scale_ratio": 1, "detail_map": {"2de1b548-3250-41db-8646-030973121aad": {"grid_x_int": 6, "error": {}, "grid_y_int": 5, "rot_tail_int": 0, "input": {}, "output": {}, "rot_int": 0}, "10e352e3-3f72-4e2f-8d6c-183933bf4a0d": {"grid_x_int": 13, "error": {}, "grid_y_int": 3, "rot_tail_int": 0, "input": {"input1": {"dx_int": 0, "rot_int": 0, "dy_int": 1}}, "output": {}, "rot_int": 0}, "3b97525e-d3ba-45c0-8af5-185094425710": {"grid_x_int": 6, "error": {}, "grid_y_int": 3, "rot_tail_int": 0, "input": {}, "output": {}, "rot_int": 0}, "f207c0f1-4ccb-4354-9d26-a4795b5a08df": {"grid_x_int": 4, "error": {}, "grid_y_int": 2, "rot_tail_int": 0, "input": {}, "output": {"output1": {"dx_int": 0, "rot_int": 0, "dy_int": 1}}, "rot_int": 0}, "420ab983-7cb1-4838-bd92-f860e683d0f1": {"grid_x_int": 5, "error": {}, "grid_y_int": 2, "rot_tail_int": 0, "input": {}, "output": {}, "rot_int": 0}, "e2940229-5229-4c7c-bf42-894ba8663359": {"grid_x_int": 10, "error": {}, "grid_y_int": 3, "rot_tail_int": 0, "input": {}, "output": {}, "rot_int": 0}, "3b421116-0ec7-4ea5-a4ce-696772530e33": {"grid_x_int": 3, "error": {}, "grid_y_int": 2, "rot_tail_int": 0, "input": {}, "output": {}, "rot_int": 0}, "be9d138a-387b-4217-984c-1a3aeab9c164": {"grid_x_int": 5, "error": {}, "grid_y_int": 3, "rot_tail_int": 0, "input": {}, "output": {"output1": {"dx_int": 0, "rot_int": 0, "dy_int": 1}}, "rot_int": 0}, "1b44eab7-dbf0-425e-9c4a-0a4742e3fbc9": {"grid_x_int": 7, "error": {}, "grid_y_int": 3, "rot_tail_int": 0, "input": {"input1": {"dx_int": 0, "rot_int": 0, "dy_int": 1}, "input102": {"dx_int": 0, "rot_int": 0, "dy_int": 2}}, "output": {}, "rot_int": 0}, "0f1986c6-9b79-458c-aa5e-0da85882880f": {"grid_x_int": 9, "error": {}, "grid_y_int": 3, "rot_tail_int": 0, "input": {}, "output": {}, "rot_int": 0}, "91d39368-a4e8-4605-b55b-ff986856635a": {"grid_x_int": 11, "error": {}, "grid_y_int": 3, "rot_tail_int": 0, "input": {}, "output": {"output1": {"dx_int": 0, "rot_int": 0, "dy_int": 1}}, "rot_int": 0}, "2b349c0e-4bb1-4903-9215-2b6637d66fc3": {"grid_x_int": 1, "error": {}, "grid_y_int": 2, "rot_tail_int": 0, "input": {}, "output": {}, "rot_int": 0}, "7fcb0930-4c17-448c-9dde-5cb74c64f0d6": {"grid_x_int": 8, "error": {}, "grid_y_int": 3, "rot_tail_int": 0, "input": {}, "output": {}, "rot_int": 0}, "ed15d0ef-4312-42f8-a96b-a3c43a9b1280": {"grid_x_int": 2, "error": {}, "grid_y_int": 2, "rot_tail_int": 0, "input": {}, "output": {}, "rot_int": 0}, "aa5ed593-9a84-4d69-aea1-cea0fec9610e": {"grid_x_int": 12, "error": {}, "grid_y_int": 3, "rot_tail_int": 0, "input": {}, "output": {}, "rot_int": 0}}, "pan_y_num": 0}, "org_id": "5592aed995315c0d2e1aaeeb", "instance_id": "d4f57f88-113c-44da-8cef-1cca0f655ed3"}, {"note": "", "runs": 6, "job_class": "PipelineJob", "job_id": "58ac4d49c481b73c929e883e", "parameters": {"user_id": "bkukadia@snaplogic.com", "runtime_path_id": "ConnectFasterInc/rt/sidekick/dev", "pipeline_parameters": {"source_proj": "DEV", "target_proj": "PROD", "include_account": "true", "target_org": "ConnectFasterInc", "source_space": "BK", "include_pipeline": "true", "update_task": "true", "target_space": "BK", "update_account": "true", "include_task": "true", "source_org": "ConnectFasterInc"}, "debug_until": 0, "max_failures": 10, "llfeed_token": "4q6JJ0GelLv3rk4IWMjgJlZHVTQPiR1L", "include_external_urls": true, "job_type": "regular", "max_in_flight": 200, "pipeline_snode_id": "58ac4c5aba6d56617bbfcaf6", "notification": {"recipients": null}, "enabled": true}, "schedule": {}, "trigger_type": "ScheduleTrigger", "external_run_url": "https://elastic.snaplogic.com:443/api/1/rest/slsched/feed/ConnectFasterInc/Github_Jenkins_Integration/Project_Promotion/01%20Main%20-%20Migrate%20Project-Task", "all_local_run_urls": ["http://ip-10-0-0-11:8090/api/1/rest/feed/ConnectFasterInc/Github_Jenkins_Integration/Project_Promotion/01%20Main%20-%20Migrate%20Project-Task", "http://ip-10-0-0-144:8090/api/1/rest/feed/ConnectFasterInc/Github_Jenkins_Integration/Project_Promotion/01%20Main%20-%20Migrate%20Project-Task", "http://ip-10-0-0-145:8090/api/1/rest/feed/ConnectFasterInc/Github_Jenkins_Integration/Project_Promotion/01%20Main%20-%20Migrate%20Project-Task", "http://ip-10-0-0-59:8090/api/1/rest/feed/ConnectFasterInc/Github_Jenkins_Integration/Project_Promotion/01%20Main%20-%20Migrate%20Project-Task"], "local_run_secure_url": "https://demo-fm.snaplogic.io/api/1/rest/feed/ConnectFasterInc/Github_Jenkins_Integration/Project_Promotion/01%20Main%20-%20Migrate%20Project-Task", "path_id": "ConnectFasterInc/Github_Jenkins_Integration/Project_Promotion", "trace_path": "ConnectFasterInc/Github_Jenkins_Integration/Project_Promotion/01 Main - Migrate Project-Task.trace", "trigger": {}, "local_run_url": "http://ip-10-0-0-11:8090/api/1/rest/feed/ConnectFasterInc/Github_Jenkins_Integration/Project_Promotion/01%20Main%20-%20Migrate%20Project-Task", "snode_id": "58ac4d49ba6d5645c1224737", "all_local_run_secure_urls": ["https://ip-10-0-0-11:8084/api/1/rest/feed/ConnectFasterInc/Github_Jenkins_Integration/Project_Promotion/01%20Main%20-%20Migrate%20Project-Task", "https://ip-10-0-0-144:8081/api/1/rest/feed/ConnectFasterInc/Github_Jenkins_Integration/Project_Promotion/01%20Main%20-%20Migrate%20Project-Task", "https://ip-10-0-0-145:8081/api/1/rest/feed/ConnectFasterInc/Github_Jenkins_Integration/Project_Promotion/01%20Main%20-%20Migrate%20Project-Task", "https://ip-10-0-0-59:8084/api/1/rest/feed/ConnectFasterInc/Github_Jenkins_Integration/Project_Promotion/01%20Main%20-%20Migrate%20Project-Task"], "job_name": "01 Main - Migrate Project-Task"}], "class_version": 1, "partition_shared": [], "shared": [], "path": "ConnectFasterInc/Github_Jenkins_Integration/Project_Promotion", "metadata": {"pattern": false}}